account_key,status,join_date,cancel_date,days_to_cancel,is_udacity,is_canceled
448,canceled,2014/11/10,2015/1/14,65,TRUE,TRUE
448,canceled,2014/11/5,2014/11/10,5,TRUE,TRUE
448,canceled,2015/1/27,2015/1/27,0,TRUE,TRUE
448,canceled,2014/11/10,2014/11/10,0,TRUE,TRUE
448,current,2015/3/10,,,TRUE,FALSE
448,canceled,2015/1/14,2015/1/27,13,TRUE,TRUE
448,canceled,2015/1/27,2015/3/10,42,TRUE,TRUE
448,canceled,2015/1/27,2015/1/27,0,TRUE,TRUE
448,canceled,2015/1/27,2015/1/27,0,TRUE,TRUE
700,canceled,2014/11/10,2014/11/16,6,FALSE,TRUE
429,canceled,2014/11/10,2015/3/10,120,FALSE,TRUE
429,canceled,2015/3/10,2015/6/17,99,FALSE,TRUE
60,canceled,2014/11/10,2015/1/14,65,FALSE,TRUE
60,canceled,2015/1/14,2015/4/1,77,FALSE,TRUE
60,current,2015/4/1,,,FALSE,FALSE
1300,canceled,2014/11/10,2014/11/16,6,FALSE,TRUE
369,current,2014/11/10,,,FALSE,FALSE
322,canceled,2014/11/10,2015/2/2,84,FALSE,TRUE
322,canceled,2015/2/12,2015/2/12,0,FALSE,TRUE
322,canceled,2015/2/12,2015/3/10,26,FALSE,TRUE
322,current,2015/3/10,,,FALSE,FALSE
336,current,2014/11/10,,,FALSE,FALSE
553,current,2014/11/10,,,FALSE,FALSE
584,canceled,2014/11/10,2015/1/14,65,FALSE,TRUE
584,canceled,2015/1/14,2015/3/10,55,FALSE,TRUE
584,current,2015/3/10,,,FALSE,FALSE
1006,canceled,2014/11/10,2014/11/17,7,FALSE,TRUE
458,canceled,2014/11/10,2015/4/1,142,FALSE,TRUE
458,canceled,2015/4/4,2015/4/6,2,FALSE,TRUE
458,current,2015/4/6,,,FALSE,FALSE
1058,canceled,2014/11/10,2015/1/14,65,FALSE,TRUE
1058,canceled,2015/1/14,2015/3/10,55,FALSE,TRUE
1058,current,2015/3/10,,,FALSE,FALSE
206,current,2014/11/10,,,FALSE,FALSE
45,canceled,2014/11/10,2015/3/10,120,FALSE,TRUE
45,current,2015/3/10,,,FALSE,FALSE
315,canceled,2014/11/10,2015/5/17,188,FALSE,TRUE
604,current,2014/11/10,,,FALSE,FALSE
204,current,2014/11/10,,,FALSE,FALSE
408,canceled,2014/11/10,2015/3/10,120,FALSE,TRUE
408,canceled,2015/3/10,2015/4/1,22,FALSE,TRUE
408,canceled,2015/4/1,2015/4/17,16,FALSE,TRUE
51,canceled,2014/11/10,2015/3/10,120,FALSE,TRUE
51,canceled,2015/3/10,2015/6/17,99,FALSE,TRUE
323,canceled,2014/11/10,2015/4/17,158,FALSE,TRUE
568,current,2014/11/10,,,FALSE,FALSE
130,canceled,2014/11/10,2015/3/10,120,FALSE,TRUE
130,canceled,2015/3/10,2015/4/1,22,FALSE,TRUE
130,canceled,2015/4/1,2015/6/17,77,FALSE,TRUE
550,canceled,2014/11/10,2015/5/2,173,FALSE,TRUE
550,canceled,2015/5/28,2015/7/4,37,FALSE,TRUE
44,canceled,2014/11/10,2015/3/10,120,FALSE,TRUE
44,current,2015/3/10,,,FALSE,FALSE
1020,canceled,2014/11/10,2014/11/15,5,FALSE,TRUE
838,canceled,2014/11/10,2014/11/11,1,FALSE,TRUE
198,current,2014/11/10,,,FALSE,FALSE
368,current,2014/11/10,,,FALSE,FALSE
440,canceled,2014/11/11,2015/2/18,99,FALSE,TRUE
675,canceled,2014/11/11,2014/11/16,5,FALSE,TRUE
57,canceled,2014/11/11,2015/2/18,99,FALSE,TRUE
57,current,2015/5/6,,,FALSE,FALSE
1090,canceled,2014/11/11,2014/11/26,15,FALSE,TRUE
541,canceled,2014/11/12,2015/6/19,219,FALSE,TRUE
756,canceled,2014/11/12,2014/11/15,3,FALSE,TRUE
756,canceled,2014/11/15,2015/1/15,61,FALSE,TRUE
1219,canceled,2014/11/12,2014/11/12,0,FALSE,TRUE
101,canceled,2014/11/12,2015/4/20,159,FALSE,TRUE
1021,canceled,2014/11/12,2014/11/17,5,FALSE,TRUE
1108,canceled,2014/11/12,2014/11/16,4,FALSE,TRUE
800,canceled,2014/11/12,2014/11/14,2,FALSE,TRUE
800,canceled,2015/3/4,2015/5/11,68,FALSE,TRUE
702,canceled,2014/11/13,2014/11/15,2,FALSE,TRUE
702,canceled,2014/11/15,2015/1/14,60,FALSE,TRUE
702,canceled,2015/1/14,2015/3/10,55,FALSE,TRUE
702,current,2015/3/10,,,FALSE,FALSE
871,canceled,2014/11/13,2014/11/13,0,FALSE,TRUE
38,current,2014/11/14,,,FALSE,FALSE
215,current,2014/11/14,,,FALSE,FALSE
744,canceled,2014/11/14,2014/12/21,37,FALSE,TRUE
217,canceled,2014/11/14,2014/11/15,1,FALSE,TRUE
217,canceled,2014/11/15,2015/3/10,115,FALSE,TRUE
217,current,2015/3/10,,,FALSE,FALSE
1221,canceled,2014/11/14,2014/11/21,7,FALSE,TRUE
1211,canceled,2014/11/14,2014/11/15,1,FALSE,TRUE
1211,canceled,2014/11/15,2015/1/15,61,FALSE,TRUE
1211,current,2015/3/6,,,FALSE,FALSE
1051,canceled,2014/11/14,2014/11/16,2,FALSE,TRUE
1286,canceled,2014/11/14,2014/11/21,7,FALSE,TRUE
53,canceled,2014/11/14,2014/12/21,37,FALSE,TRUE
53,current,2015/5/11,,,FALSE,FALSE
895,canceled,2014/11/14,2014/11/19,5,FALSE,TRUE
895,canceled,2014/11/11,2014/11/11,0,FALSE,TRUE
283,current,2014/11/15,,,FALSE,FALSE
283,canceled,2014/11/13,2014/11/15,2,FALSE,TRUE
338,canceled,2014/11/15,2015/1/14,60,FALSE,TRUE
338,canceled,2015/1/14,2015/2/3,20,FALSE,TRUE
338,canceled,2015/2/3,2015/2/22,19,FALSE,TRUE
338,current,2015/5/11,,,FALSE,FALSE
579,current,2014/11/15,,,FALSE,FALSE
903,canceled,2014/11/16,2014/11/21,5,FALSE,TRUE
627,current,2014/11/16,,,FALSE,FALSE
253,canceled,2014/11/16,2015/1/14,59,FALSE,TRUE
253,current,2015/1/14,,,FALSE,FALSE
861,canceled,2014/11/16,2014/11/19,3,FALSE,TRUE
178,canceled,2014/11/17,2015/5/9,173,FALSE,TRUE
822,canceled,2014/11/17,2015/1/15,59,FALSE,TRUE
822,current,2015/7/18,,,FALSE,FALSE
96,current,2014/11/17,,,FALSE,FALSE
123,canceled,2014/11/10,2015/3/10,120,FALSE,TRUE
123,canceled,2015/3/10,2015/4/17,38,FALSE,TRUE
943,canceled,2014/11/10,2014/11/17,7,FALSE,TRUE
620,current,2014/11/10,,,FALSE,FALSE
1204,canceled,2014/11/10,2014/12/17,37,FALSE,TRUE
195,current,2014/11/10,,,FALSE,FALSE
890,canceled,2014/11/10,2014/11/11,1,FALSE,TRUE
354,current,2014/11/10,,,FALSE,FALSE
837,canceled,2014/11/10,2014/11/11,1,FALSE,TRUE
114,canceled,2014/11/10,2014/11/11,1,FALSE,TRUE
114,current,2015/5/8,,,FALSE,FALSE
810,canceled,2014/11/10,2014/11/13,3,FALSE,TRUE
394,canceled,2014/11/10,2015/4/17,158,FALSE,TRUE
1253,canceled,2014/11/10,2015/1/14,65,FALSE,TRUE
1253,canceled,2015/1/14,2015/1/20,6,FALSE,TRUE
504,canceled,2014/11/10,2015/6/17,219,FALSE,TRUE
537,current,2014/11/10,,,FALSE,FALSE
72,canceled,2014/11/10,2015/5/17,188,FALSE,TRUE
268,canceled,2014/11/10,2014/12/17,37,FALSE,TRUE
268,canceled,2015/4/3,2015/8/10,129,FALSE,TRUE
339,canceled,2014/11/10,2015/3/10,120,FALSE,TRUE
339,canceled,2015/4/1,2015/6/17,77,FALSE,TRUE
339,canceled,2015/3/10,2015/4/1,22,FALSE,TRUE
1244,canceled,2014/11/10,2015/1/14,65,FALSE,TRUE
1244,current,2015/3/10,,,FALSE,FALSE
1244,canceled,2015/1/14,2015/3/10,55,FALSE,TRUE
1244,canceled,2015/3/17,2015/4/27,41,FALSE,TRUE
1244,canceled,2015/5/17,2015/8/17,92,FALSE,TRUE
752,canceled,2014/11/10,2014/11/19,9,FALSE,TRUE
194,current,2014/11/10,,,FALSE,FALSE
520,canceled,2014/11/10,2015/3/17,127,FALSE,TRUE
102,current,2014/11/10,,,FALSE,FALSE
367,canceled,2014/11/11,2015/4/2,142,FALSE,TRUE
258,canceled,2014/11/10,2015/7/17,249,FALSE,TRUE
522,current,2014/11/10,,,FALSE,FALSE
1047,canceled,2014/11/10,2014/11/11,1,FALSE,TRUE
329,canceled,2014/11/10,2015/1/14,65,FALSE,TRUE
329,canceled,2015/3/10,2015/4/8,29,FALSE,TRUE
329,current,2015/4/8,,,FALSE,FALSE
329,canceled,2015/1/14,2015/2/3,20,FALSE,TRUE
329,canceled,2015/2/3,2015/3/10,35,FALSE,TRUE
225,current,2014/11/10,,,FALSE,FALSE
612,canceled,2014/11/10,2015/3/10,120,FALSE,TRUE
612,canceled,2015/3/10,2015/3/17,7,FALSE,TRUE
150,canceled,2014/11/10,2015/5/17,188,FALSE,TRUE
179,canceled,2014/11/10,2015/3/17,127,FALSE,TRUE
595,current,2014/11/10,,,FALSE,FALSE
587,canceled,2014/11/10,2015/1/14,65,FALSE,TRUE
587,canceled,2015/1/14,2015/4/17,93,FALSE,TRUE
587,current,2015/5/28,,,FALSE,FALSE
439,canceled,2014/11/10,2015/3/10,120,FALSE,TRUE
439,current,2015/3/10,,,FALSE,FALSE
428,current,2014/11/10,,,FALSE,FALSE
18,canceled,2014/11/10,2015/2/17,99,FALSE,TRUE
544,canceled,2014/11/10,2015/5/17,188,FALSE,TRUE
10,current,2014/11/10,,,FALSE,FALSE
913,canceled,2014/11/10,2015/1/14,65,FALSE,TRUE
913,canceled,2015/1/14,2015/2/17,34,FALSE,TRUE
23,current,2014/11/10,,,FALSE,FALSE
576,canceled,2014/11/10,2015/2/17,99,FALSE,TRUE
431,canceled,2014/11/10,2015/3/17,127,FALSE,TRUE
223,current,2014/11/10,,,FALSE,FALSE
480,canceled,2014/11/10,2015/3/10,120,FALSE,TRUE
480,canceled,2015/3/10,2015/4/1,22,FALSE,TRUE
480,current,2015/4/1,,,FALSE,FALSE
525,canceled,2014/11/10,2015/7/17,249,FALSE,TRUE
1111,canceled,2014/11/11,2015/3/10,119,FALSE,TRUE
1111,canceled,2015/3/10,2015/4/1,22,FALSE,TRUE
1111,canceled,2015/4/1,2015/4/18,17,FALSE,TRUE
1107,canceled,2014/11/11,2014/11/19,8,FALSE,TRUE
577,canceled,2014/11/12,2015/1/19,68,FALSE,TRUE
577,canceled,2015/2/5,2015/7/12,157,FALSE,TRUE
92,canceled,2014/11/12,2015/7/19,249,FALSE,TRUE
335,canceled,2014/11/12,2015/5/19,188,FALSE,TRUE
275,canceled,2014/11/12,2014/11/16,4,FALSE,TRUE
275,current,2014/11/16,,,FALSE,FALSE
930,canceled,2014/11/13,2014/11/17,4,FALSE,TRUE
245,current,2014/11/14,,,FALSE,FALSE
135,current,2014/11/14,,,FALSE,FALSE
37,current,2014/11/14,,,FALSE,FALSE
740,canceled,2014/11/14,2014/11/15,1,FALSE,TRUE
740,canceled,2014/11/11,2014/11/13,2,FALSE,TRUE
186,current,2014/11/14,,,FALSE,FALSE
389,current,2014/11/15,,,FALSE,FALSE
389,canceled,2014/11/14,2014/11/15,1,FALSE,TRUE
1218,canceled,2014/11/15,2014/11/15,0,FALSE,TRUE
693,canceled,2014/11/15,2015/1/14,60,FALSE,TRUE
693,canceled,2015/1/14,2015/1/23,9,FALSE,TRUE
770,canceled,2014/11/15,2014/11/19,4,FALSE,TRUE
88,canceled,2014/11/15,2015/3/10,115,FALSE,TRUE
88,current,2015/4/1,,,FALSE,FALSE
88,canceled,2015/3/10,2015/4/1,22,FALSE,TRUE
845,canceled,2014/11/16,2014/11/23,7,FALSE,TRUE
983,canceled,2014/11/16,2015/1/14,59,FALSE,TRUE
983,canceled,2015/1/14,2015/1/23,9,FALSE,TRUE
1118,canceled,2014/11/17,2014/12/24,37,FALSE,TRUE
1118,canceled,2014/11/12,2014/11/17,5,FALSE,TRUE
499,canceled,2014/11/17,2014/11/17,0,FALSE,TRUE
499,canceled,2015/2/6,2015/5/13,96,FALSE,TRUE
590,canceled,2014/12/3,2015/2/3,62,FALSE,TRUE
590,current,2015/5/11,,,FALSE,FALSE
590,canceled,2015/2/3,2015/3/10,35,FALSE,TRUE
264,canceled,2014/12/3,2015/2/3,62,FALSE,TRUE
264,canceled,2015/2/3,2015/2/25,22,FALSE,TRUE
300,current,2014/12/3,,,FALSE,FALSE
54,current,2014/12/3,,,FALSE,FALSE
1043,canceled,2014/12/3,2014/12/4,1,FALSE,TRUE
1130,canceled,2014/12/3,2015/1/25,53,FALSE,TRUE
654,canceled,2014/12/4,2014/12/4,0,FALSE,TRUE
654,canceled,2014/12/4,2014/12/4,0,FALSE,TRUE
654,canceled,2014/12/3,2014/12/3,0,FALSE,TRUE
736,canceled,2014/12/4,2015/3/11,97,FALSE,TRUE
964,canceled,2014/12/4,2014/12/4,0,FALSE,TRUE
976,canceled,2014/12/4,2015/1/11,38,FALSE,TRUE
1203,canceled,2014/12/4,2014/12/9,5,FALSE,TRUE
278,current,2014/12/4,,,FALSE,FALSE
377,current,2014/12/5,,,FALSE,FALSE
342,current,2014/12/5,,,FALSE,FALSE
358,current,2014/12/5,,,FALSE,FALSE
316,canceled,2014/12/6,2015/6/13,189,FALSE,TRUE
347,canceled,2014/12/7,2015/3/14,97,FALSE,TRUE
347,current,2015/4/5,,,FALSE,FALSE
295,canceled,2014/12/7,2014/12/7,0,FALSE,TRUE
295,current,2015/4/3,,,FALSE,FALSE
343,canceled,2014/12/7,2015/3/14,97,FALSE,TRUE
1127,canceled,2014/12/7,2014/12/8,1,FALSE,TRUE
1076,canceled,2014/12/8,2014/12/12,4,FALSE,TRUE
502,current,2014/12/8,,,FALSE,FALSE
502,canceled,2014/11/15,2014/11/21,6,FALSE,TRUE
1223,canceled,2014/12/8,2014/12/13,5,FALSE,TRUE
221,canceled,2014/12/3,2015/2/10,69,FALSE,TRUE
631,canceled,2014/12/3,2014/12/8,5,FALSE,TRUE
631,canceled,2015/5/8,2015/7/15,68,FALSE,TRUE
495,current,2014/12/4,,,FALSE,FALSE
495,canceled,2014/11/12,2014/11/17,5,FALSE,TRUE
1009,canceled,2014/12/5,2015/2/12,69,FALSE,TRUE
364,current,2014/12/5,,,FALSE,FALSE
1252,canceled,2014/12/5,2014/12/11,6,FALSE,TRUE
909,canceled,2014/12/5,2014/12/28,23,FALSE,TRUE
1156,canceled,2014/12/6,2014/12/8,2,FALSE,TRUE
524,canceled,2014/12/6,2015/2/3,59,FALSE,TRUE
524,current,2015/3/4,,,FALSE,FALSE
560,current,2014/12/6,,,FALSE,FALSE
570,current,2014/12/7,,,FALSE,FALSE
581,current,2014/12/7,,,FALSE,FALSE
759,canceled,2014/12/8,2015/2/3,57,FALSE,TRUE
759,canceled,2015/4/8,2015/4/15,7,FALSE,TRUE
759,canceled,2015/2/3,2015/4/8,64,FALSE,TRUE
896,canceled,2014/12/8,2015/2/3,57,FALSE,TRUE
896,canceled,2015/3/10,2015/4/8,29,FALSE,TRUE
896,canceled,2015/2/3,2015/3/10,35,FALSE,TRUE
896,current,2015/4/8,,,FALSE,FALSE
346,current,2014/12/8,,,FALSE,FALSE
346,canceled,2014/12/5,2014/12/5,0,FALSE,TRUE
411,canceled,2014/12/8,2015/2/3,57,FALSE,TRUE
411,canceled,2015/3/10,2015/4/8,29,FALSE,TRUE
411,canceled,2015/2/3,2015/3/10,35,FALSE,TRUE
411,canceled,2015/4/8,2015/6/15,68,FALSE,TRUE
705,canceled,2014/12/8,2014/12/14,6,FALSE,TRUE
705,canceled,2015/4/8,2015/4/28,20,FALSE,TRUE
776,canceled,2014/12/8,2015/2/3,57,FALSE,TRUE
557,canceled,2014/12/8,2015/2/3,57,FALSE,TRUE
557,current,2015/3/10,,,FALSE,FALSE
557,canceled,2015/2/3,2015/3/10,35,FALSE,TRUE
1234,canceled,2014/12/9,2014/12/14,5,FALSE,TRUE
634,canceled,2014/12/9,2015/6/16,189,FALSE,TRUE
1124,canceled,2014/12/9,2015/2/3,56,FALSE,TRUE
1124,current,2015/4/8,,,FALSE,FALSE
1124,canceled,2015/2/3,2015/4/8,64,FALSE,TRUE
932,canceled,2014/12/9,2015/1/16,38,FALSE,TRUE
817,canceled,2014/12/9,2014/12/9,0,FALSE,TRUE
169,canceled,2014/12/9,2014/12/14,5,FALSE,TRUE
169,canceled,2015/2/5,2015/8/12,188,FALSE,TRUE
350,current,2015/1/7,,,FALSE,FALSE
345,current,2015/1/7,,,FALSE,FALSE
1171,canceled,2015/1/7,2015/1/7,0,FALSE,TRUE
530,current,2015/1/7,,,FALSE,FALSE
383,current,2015/1/7,,,FALSE,FALSE
1271,canceled,2015/1/7,2015/1/13,6,FALSE,TRUE
229,canceled,2015/1/7,2015/6/14,158,FALSE,TRUE
876,canceled,2015/1/8,2015/1/11,3,FALSE,TRUE
622,canceled,2015/1/8,2015/6/15,158,FALSE,TRUE
1065,canceled,2015/1/8,2015/1/11,3,FALSE,TRUE
884,canceled,2015/1/8,2015/1/8,0,FALSE,TRUE
730,canceled,2015/1/8,2015/1/30,22,FALSE,TRUE
905,canceled,2015/1/8,2015/3/15,66,FALSE,TRUE
356,current,2015/1/9,,,FALSE,FALSE
1164,canceled,2015/1/9,2015/1/14,5,FALSE,TRUE
170,canceled,2015/1/9,2015/8/16,219,FALSE,TRUE
467,canceled,2015/1/10,2015/7/2,173,FALSE,TRUE
780,canceled,2015/1/11,2015/2/18,38,FALSE,TRUE
418,canceled,2015/1/11,2015/7/18,188,FALSE,TRUE
1074,canceled,2015/1/11,2015/3/10,58,FALSE,TRUE
1074,canceled,2015/3/10,2015/4/18,39,FALSE,TRUE
859,canceled,2015/1/11,2015/2/18,38,FALSE,TRUE
859,canceled,2014/11/15,2014/11/22,7,FALSE,TRUE
91,canceled,2014/11/10,2015/3/10,120,FALSE,TRUE
91,current,2015/3/10,,,FALSE,FALSE
12,current,2014/11/10,,,FALSE,FALSE
3,canceled,2014/11/10,2015/3/10,120,FALSE,TRUE
3,current,2015/3/10,,,FALSE,FALSE
157,canceled,2014/11/10,2015/3/10,120,FALSE,TRUE
157,canceled,2015/3/10,2015/7/17,129,FALSE,TRUE
224,current,2014/11/10,,,FALSE,FALSE
562,current,2014/11/10,,,FALSE,FALSE
1098,current,2014/11/10,,,FALSE,FALSE
378,canceled,2014/11/10,2015/3/10,120,FALSE,TRUE
378,canceled,2015/3/10,2015/4/17,38,FALSE,TRUE
1214,canceled,2014/11/10,2015/1/15,66,FALSE,TRUE
483,canceled,2014/11/10,2015/4/20,161,FALSE,TRUE
1094,canceled,2014/11/10,2014/12/17,37,FALSE,TRUE
882,canceled,2014/11/10,2014/12/17,37,FALSE,TRUE
412,canceled,2014/11/10,2015/3/10,120,FALSE,TRUE
412,current,2015/4/1,,,FALSE,FALSE
412,canceled,2015/3/10,2015/4/1,22,FALSE,TRUE
390,current,2014/11/10,,,FALSE,FALSE
366,canceled,2014/11/10,2015/3/10,120,FALSE,TRUE
366,canceled,2015/4/1,2015/4/17,16,FALSE,TRUE
366,canceled,2015/3/10,2015/4/1,22,FALSE,TRUE
81,current,2014/11/10,,,FALSE,FALSE
696,canceled,2014/11/10,2015/1/14,65,FALSE,TRUE
696,canceled,2015/1/14,2015/1/20,6,FALSE,TRUE
892,canceled,2014/11/10,2014/11/12,2,FALSE,TRUE
1142,canceled,2014/11/10,2015/1/14,65,FALSE,TRUE
1142,canceled,2015/3/10,2015/7/17,129,FALSE,TRUE
1142,canceled,2015/1/14,2015/3/10,55,FALSE,TRUE
234,current,2014/11/11,,,FALSE,FALSE
148,canceled,2014/11/11,2015/3/10,119,FALSE,TRUE
148,canceled,2015/4/1,2015/4/18,17,FALSE,TRUE
148,canceled,2015/3/10,2015/4/1,22,FALSE,TRUE
630,canceled,2014/11/11,2015/3/18,127,FALSE,TRUE
1083,canceled,2014/11/11,2014/11/12,1,FALSE,TRUE
1011,canceled,2014/11/11,2014/11/12,1,FALSE,TRUE
1011,canceled,2015/4/8,2015/5/15,37,FALSE,TRUE
1114,canceled,2014/11/12,2014/11/18,6,FALSE,TRUE
161,canceled,2014/11/12,2015/5/19,188,FALSE,TRUE
441,canceled,2014/11/12,2015/6/19,219,FALSE,TRUE
712,canceled,2014/11/13,2015/3/20,127,FALSE,TRUE
273,current,2014/11/14,,,FALSE,FALSE
76,canceled,2014/11/14,2014/11/15,1,FALSE,TRUE
76,current,2015/1/15,,,FALSE,FALSE
76,canceled,2014/11/15,2015/1/15,61,FALSE,TRUE
938,canceled,2014/11/14,2015/1/16,63,FALSE,TRUE
131,current,2014/11/14,,,FALSE,FALSE
231,current,2014/11/14,,,FALSE,FALSE
1085,canceled,2014/11/14,2014/11/18,4,FALSE,TRUE
327,current,2014/11/14,,,FALSE,FALSE
829,canceled,2014/11/15,2014/12/22,37,FALSE,TRUE
829,canceled,2014/11/14,2014/11/15,1,FALSE,TRUE
203,canceled,2014/11/15,2014/11/21,6,FALSE,TRUE
203,canceled,2015/5/12,2015/7/19,68,FALSE,TRUE
277,current,2014/11/15,,,FALSE,FALSE
280,current,2014/11/15,,,FALSE,FALSE
308,current,2014/11/16,,,FALSE,FALSE
1239,canceled,2014/11/17,2014/11/19,2,FALSE,TRUE
1230,canceled,2014/11/17,2014/11/19,2,FALSE,TRUE
875,canceled,2014/11/17,2014/11/17,0,FALSE,TRUE
202,current,2014/12/3,,,FALSE,FALSE
563,canceled,2014/12/3,2015/7/10,219,FALSE,TRUE
1167,canceled,2014/12/3,2015/1/10,38,FALSE,TRUE
643,canceled,2014/12/3,2015/2/3,62,FALSE,TRUE
643,canceled,2015/3/10,2015/4/8,29,FALSE,TRUE
643,current,2015/4/18,,,FALSE,FALSE
643,canceled,2015/4/8,2015/4/18,10,FALSE,TRUE
643,canceled,2015/2/3,2015/3/10,35,FALSE,TRUE
110,canceled,2014/12/3,2015/5/10,158,FALSE,TRUE
244,current,2014/12/4,,,FALSE,FALSE
1289,canceled,2014/12/4,2015/2/3,61,FALSE,TRUE
1120,canceled,2014/12/4,2014/12/4,0,FALSE,TRUE
500,canceled,2014/12/5,2015/2/3,60,FALSE,TRUE
500,canceled,2014/11/12,2014/11/17,5,FALSE,TRUE
500,current,2015/2/3,,,FALSE,FALSE
728,canceled,2014/12/5,2014/12/5,0,FALSE,TRUE
209,current,2014/12/5,,,FALSE,FALSE
292,current,2014/12/5,,,FALSE,FALSE
546,current,2014/12/5,,,FALSE,FALSE
1160,canceled,2014/12/5,2015/1/12,38,FALSE,TRUE
64,canceled,2014/12/6,2015/4/13,128,FALSE,TRUE
637,canceled,2014/12/6,2014/12/10,4,FALSE,TRUE
637,canceled,2015/3/10,2015/4/14,35,FALSE,TRUE
637,canceled,2015/5/6,2015/8/13,99,FALSE,TRUE
637,canceled,2015/1/7,2015/3/10,62,FALSE,TRUE
52,canceled,2014/12/7,2015/3/14,97,FALSE,TRUE
747,canceled,2014/12/7,2014/12/13,6,FALSE,TRUE
747,current,2015/4/2,,,FALSE,FALSE
450,current,2014/12/7,,,FALSE,FALSE
111,canceled,2014/12/7,2015/3/1,84,FALSE,TRUE
583,canceled,2014/12/8,2015/5/15,158,FALSE,TRUE
461,current,2014/12/8,,,FALSE,FALSE
1199,canceled,2014/12/8,2015/1/15,38,FALSE,TRUE
743,canceled,2014/12/9,2015/1/16,38,FALSE,TRUE
474,canceled,2014/12/9,2015/3/16,97,FALSE,TRUE
960,canceled,2014/12/9,2014/12/15,6,FALSE,TRUE
667,canceled,2014/12/9,2015/1/16,38,FALSE,TRUE
1095,canceled,2014/12/9,2014/12/13,4,FALSE,TRUE
1095,canceled,2015/6/6,2015/8/13,68,FALSE,TRUE
79,canceled,2014/12/9,2015/7/16,219,FALSE,TRUE
691,canceled,2015/1/7,2015/1/10,3,FALSE,TRUE
66,current,2015/1/7,,,FALSE,FALSE
197,canceled,2015/1/7,2015/6/14,158,FALSE,TRUE
67,canceled,2015/1/7,2015/3/14,66,FALSE,TRUE
678,canceled,2015/1/8,2015/2/15,38,FALSE,TRUE
873,canceled,2015/1/8,2015/1/30,22,FALSE,TRUE
623,canceled,2015/1/8,2015/4/15,97,FALSE,TRUE
623,canceled,2014/12/7,2014/12/14,7,FALSE,TRUE
791,current,2015/1/8,,,FALSE,FALSE
507,canceled,2015/1/9,2015/3/10,60,FALSE,TRUE
507,current,2015/3/10,,,FALSE,FALSE
488,current,2015/1/9,,,FALSE,FALSE
488,canceled,2014/11/15,2014/11/20,5,FALSE,TRUE
270,canceled,2015/1/9,2015/5/31,142,FALSE,TRUE
362,canceled,2015/1/9,2015/2/5,27,FALSE,TRUE
362,canceled,2015/2/5,2015/4/16,70,FALSE,TRUE
263,canceled,2015/1/10,2015/4/17,97,FALSE,TRUE
263,current,2015/8/12,,,FALSE,FALSE
263,canceled,2015/6/1,2015/7/8,37,FALSE,TRUE
965,canceled,2015/1/10,2015/4/17,97,FALSE,TRUE
761,canceled,2015/1/11,2015/2/18,38,FALSE,TRUE
1191,canceled,2015/1/11,2015/1/11,0,FALSE,TRUE
598,current,2015/1/12,,,FALSE,FALSE
785,canceled,2015/1/12,2015/3/10,57,FALSE,TRUE
785,canceled,2015/4/8,2015/5/19,41,FALSE,TRUE
785,canceled,2015/3/10,2015/4/8,29,FALSE,TRUE
989,canceled,2015/1/12,2015/2/18,37,FALSE,TRUE
989,canceled,2015/4/8,2015/6/19,72,FALSE,TRUE
989,canceled,2015/2/18,2015/4/8,49,FALSE,TRUE
28,current,2015/1/12,,,FALSE,FALSE
1293,canceled,2014/12/8,2014/12/10,2,FALSE,TRUE
166,current,2014/12/8,,,FALSE,FALSE
682,canceled,2014/12/8,2014/12/15,7,FALSE,TRUE
682,canceled,2014/12/7,2014/12/7,0,FALSE,TRUE
682,canceled,2015/4/8,2015/5/15,37,FALSE,TRUE
1295,canceled,2014/12/9,2014/12/15,6,FALSE,TRUE
1295,canceled,2015/7/17,2015/7/22,5,FALSE,TRUE
695,canceled,2014/12/9,2014/12/15,6,FALSE,TRUE
671,canceled,2014/12/9,2015/2/3,56,FALSE,TRUE
907,canceled,2014/12/9,2014/12/15,6,FALSE,TRUE
1121,canceled,2014/12/29,2015/1/12,14,FALSE,TRUE
1121,canceled,2014/11/11,2014/12/29,48,FALSE,TRUE
1121,canceled,2015/1/12,2015/2/18,37,FALSE,TRUE
966,canceled,2015/1/7,2015/3/10,62,FALSE,TRUE
966,current,2015/3/10,,,FALSE,FALSE
442,canceled,2015/1/7,2015/3/10,62,FALSE,TRUE
442,current,2015/3/10,,,FALSE,FALSE
442,canceled,2015/3/15,2015/4/27,43,FALSE,TRUE
442,current,2015/5/14,,,FALSE,FALSE
5,canceled,2015/1/7,2015/4/16,99,FALSE,TRUE
5,canceled,2015/1/7,2015/1/7,0,FALSE,TRUE
1283,canceled,2015/1/7,2015/1/10,3,FALSE,TRUE
592,current,2015/1/7,,,FALSE,FALSE
1137,canceled,2015/1/8,2015/1/10,2,FALSE,TRUE
34,canceled,2015/1/8,2015/2/3,26,FALSE,TRUE
34,canceled,2014/11/16,2015/1/8,53,FALSE,TRUE
34,current,2015/2/3,,,FALSE,FALSE
824,canceled,2015/1/9,2015/1/31,22,FALSE,TRUE
824,canceled,2015/2/10,2015/3/4,22,FALSE,TRUE
0,current,2015/1/9,,,FALSE,FALSE
688,canceled,2015/1/9,2015/1/11,2,FALSE,TRUE
527,current,2015/1/9,,,FALSE,FALSE
1304,canceled,2015/1/10,2015/3/10,59,TRUE,TRUE
1304,canceled,2015/3/10,2015/6/17,99,TRUE,TRUE
1060,canceled,2015/1/11,2015/2/18,38,FALSE,TRUE
1010,canceled,2015/1/11,2015/1/11,0,FALSE,TRUE
745,canceled,2014/11/11,2014/11/13,2,FALSE,TRUE
227,canceled,2014/11/12,2014/12/19,37,FALSE,TRUE
227,current,2015/4/8,,,FALSE,FALSE
929,canceled,2014/11/12,2014/11/17,5,FALSE,TRUE
841,canceled,2014/11/12,2014/11/12,0,FALSE,TRUE
599,canceled,2014/11/12,2015/1/14,63,FALSE,TRUE
599,canceled,2015/1/14,2015/1/22,8,FALSE,TRUE
599,current,2015/4/2,,,FALSE,FALSE
181,canceled,2014/11/13,2015/3/10,117,FALSE,TRUE
181,current,2015/3/10,,,FALSE,FALSE
1035,canceled,2014/11/13,2014/11/13,0,FALSE,TRUE
1035,canceled,2015/2/6,2015/2/9,3,FALSE,TRUE
639,canceled,2014/11/13,2015/3/20,127,FALSE,TRUE
126,current,2014/11/14,,,FALSE,FALSE
254,current,2014/11/14,,,FALSE,FALSE
1303,canceled,2014/11/14,2015/1/14,61,FALSE,TRUE
1303,canceled,2015/3/10,2015/4/8,29,FALSE,TRUE
1303,canceled,2015/4/8,2015/4/21,13,FALSE,TRUE
1303,canceled,2015/1/14,2015/2/3,20,FALSE,TRUE
1303,canceled,2015/2/3,2015/3/10,35,FALSE,TRUE
969,canceled,2014/11/14,2014/12/22,38,FALSE,TRUE
869,canceled,2014/11/14,2014/11/21,7,FALSE,TRUE
972,canceled,2014/11/15,2015/1/14,60,FALSE,TRUE
972,canceled,2015/1/14,2015/3/10,55,FALSE,TRUE
972,canceled,2015/3/10,2015/3/22,12,FALSE,TRUE
334,canceled,2014/11/16,2015/3/10,114,FALSE,TRUE
334,current,2015/3/10,,,FALSE,FALSE
469,current,2014/11/16,,,FALSE,FALSE
684,canceled,2014/11/16,2014/11/21,5,FALSE,TRUE
1012,canceled,2014/11/17,2014/11/21,4,FALSE,TRUE
33,current,2015/1/12,,,FALSE,FALSE
250,current,2015/1/12,,,FALSE,FALSE
1109,canceled,2015/1/12,2015/1/16,4,FALSE,TRUE
486,current,2015/1/12,,,FALSE,FALSE
862,canceled,2015/1/12,2015/1/18,6,FALSE,TRUE
567,current,2015/1/12,,,FALSE,FALSE
371,current,2015/1/13,,,FALSE,FALSE
765,canceled,2015/1/13,2015/1/18,5,FALSE,TRUE
1277,canceled,2015/1/14,2015/1/22,8,FALSE,TRUE
1277,canceled,2014/11/14,2015/1/14,61,FALSE,TRUE
1071,canceled,2015/1/14,2015/3/17,62,FALSE,TRUE
1071,canceled,2014/11/10,2015/1/14,65,FALSE,TRUE
923,canceled,2015/1/14,2015/3/10,55,FALSE,TRUE
923,canceled,2014/11/16,2015/1/14,59,FALSE,TRUE
923,current,2015/3/10,,,FALSE,FALSE
640,canceled,2015/1/14,2015/1/15,1,FALSE,TRUE
640,canceled,2014/11/12,2015/1/14,63,FALSE,TRUE
640,current,2015/4/1,,,FALSE,FALSE
640,canceled,2015/1/15,2015/1/15,0,FALSE,TRUE
640,canceled,2015/1/15,2015/3/10,54,FALSE,TRUE
640,canceled,2015/3/10,2015/4/1,22,FALSE,TRUE
1174,canceled,2015/1/14,2015/2/3,20,FALSE,TRUE
1174,canceled,2014/11/10,2015/1/14,65,FALSE,TRUE
1174,canceled,2015/2/3,2015/2/17,14,FALSE,TRUE
1019,canceled,2015/1/14,2015/1/18,4,FALSE,TRUE
1019,canceled,2014/11/11,2015/1/14,64,FALSE,TRUE
655,canceled,2015/1/14,2015/1/20,6,FALSE,TRUE
655,canceled,2014/11/10,2015/1/14,65,FALSE,TRUE
529,current,2015/2/3,,,FALSE,FALSE
529,canceled,2014/12/8,2015/2/3,57,FALSE,TRUE
222,current,2014/11/17,,,FALSE,FALSE
256,canceled,2014/12/3,2015/4/1,119,FALSE,TRUE
256,canceled,2015/4/1,2015/6/10,70,FALSE,TRUE
288,current,2014/12/3,,,FALSE,FALSE
523,canceled,2014/12/3,2015/1/12,40,FALSE,TRUE
523,canceled,2015/1/12,2015/3/10,57,FALSE,TRUE
523,current,2015/3/10,,,FALSE,FALSE
24,canceled,2014/12/3,2015/6/10,189,FALSE,TRUE
922,canceled,2014/12/3,2014/12/8,5,FALSE,TRUE
707,canceled,2014/12/3,2014/12/3,0,FALSE,TRUE
397,canceled,2014/12/4,2015/4/1,118,FALSE,TRUE
397,current,2015/4/1,,,FALSE,FALSE
925,canceled,2014/12/4,2014/12/5,1,FALSE,TRUE
265,canceled,2014/12/4,2015/1/11,38,FALSE,TRUE
650,canceled,2014/12/4,2014/12/10,6,FALSE,TRUE
650,canceled,2015/3/4,2015/8/11,160,FALSE,TRUE
717,canceled,2014/12/4,2014/12/4,0,FALSE,TRUE
1013,canceled,2014/12/4,2015/4/1,118,FALSE,TRUE
1013,canceled,2015/4/1,2015/4/11,10,FALSE,TRUE
618,canceled,2014/12/5,2015/4/12,128,FALSE,TRUE
1236,canceled,2014/12/5,2015/2/3,60,FALSE,TRUE
1181,current,2014/12/5,,,FALSE,FALSE
1152,canceled,2014/12/5,2014/12/7,2,FALSE,TRUE
1152,canceled,2015/5/11,2015/5/14,3,FALSE,TRUE
1152,canceled,2015/7/16,2015/7/22,6,FALSE,TRUE
1225,canceled,2014/12/5,2014/12/10,5,FALSE,TRUE
727,canceled,2014/12/7,2014/12/7,0,FALSE,TRUE
866,canceled,2014/12/7,2015/1/14,38,FALSE,TRUE
1201,canceled,2014/12/7,2015/1/14,38,FALSE,TRUE
982,canceled,2014/12/8,2014/12/9,1,FALSE,TRUE
193,canceled,2014/12/8,2015/4/1,114,FALSE,TRUE
193,current,2015/4/1,,,FALSE,FALSE
710,canceled,2014/12/8,2015/2/3,57,FALSE,TRUE
710,canceled,2015/2/3,2015/2/15,12,FALSE,TRUE
1273,canceled,2015/1/12,2015/1/12,0,FALSE,TRUE
1280,canceled,2015/1/12,2015/1/15,3,FALSE,TRUE
180,canceled,2015/1/12,2015/3/10,57,FALSE,TRUE
180,current,2015/4/8,,,FALSE,FALSE
180,canceled,2015/3/10,2015/4/8,29,FALSE,TRUE
722,canceled,2015/1/12,2015/3/10,57,FALSE,TRUE
722,canceled,2015/3/10,2015/5/19,70,FALSE,TRUE
125,current,2015/1/13,,,FALSE,FALSE
954,canceled,2015/1/14,2015/3/10,55,FALSE,TRUE
954,canceled,2015/3/10,2015/4/2,23,FALSE,TRUE
954,canceled,2014/11/10,2015/1/14,65,FALSE,TRUE
140,current,2015/1/14,,,FALSE,FALSE
140,canceled,2014/11/10,2015/1/14,65,FALSE,TRUE
1139,canceled,2015/1/14,2015/1/16,2,FALSE,TRUE
1139,canceled,2015/1/16,2015/2/18,33,FALSE,TRUE
1139,canceled,2014/11/11,2015/1/14,64,FALSE,TRUE
388,current,2015/2/3,,,FALSE,FALSE
388,canceled,2014/12/8,2015/2/3,57,FALSE,TRUE
147,current,2015/2/3,,,FALSE,FALSE
147,canceled,2014/12/3,2015/2/3,62,FALSE,TRUE
119,canceled,2015/2/3,2015/4/8,64,FALSE,TRUE
119,current,2015/4/8,,,FALSE,FALSE
119,canceled,2014/12/3,2015/2/3,62,FALSE,TRUE
97,canceled,2015/2/5,2015/4/8,62,FALSE,TRUE
97,current,2015/4/8,,,FALSE,FALSE
962,canceled,2015/2/5,2015/2/6,1,FALSE,TRUE
962,canceled,2014/12/4,2014/12/5,1,FALSE,TRUE
984,canceled,2015/2/5,2015/3/12,35,FALSE,TRUE
984,current,2015/8/13,,,FALSE,FALSE
444,canceled,2015/2/5,2015/4/8,62,FALSE,TRUE
444,current,2015/4/8,,,FALSE,FALSE
444,canceled,2014/12/4,2014/12/6,2,FALSE,TRUE
493,current,2015/2/5,,,FALSE,FALSE
435,current,2015/2/6,,,FALSE,FALSE
386,canceled,2015/2/6,2015/4/8,61,FALSE,TRUE
386,canceled,2015/4/8,2015/6/13,66,FALSE,TRUE
386,canceled,2015/1/13,2015/1/17,4,FALSE,TRUE
156,current,2014/11/10,,,FALSE,FALSE
649,canceled,2014/11/10,2015/3/17,127,FALSE,TRUE
145,current,2014/11/10,,,FALSE,FALSE
420,current,2014/11/10,,,FALSE,FALSE
582,current,2014/11/10,,,FALSE,FALSE
165,canceled,2014/11/10,2015/3/17,127,FALSE,TRUE
580,canceled,2014/11/10,2015/7/17,249,FALSE,TRUE
919,canceled,2014/11/10,2015/3/17,127,FALSE,TRUE
90,canceled,2014/11/10,2015/3/10,120,FALSE,TRUE
90,canceled,2015/3/10,2015/4/1,22,FALSE,TRUE
90,current,2015/4/1,,,FALSE,FALSE
312,canceled,2014/11/10,2015/3/10,120,TRUE,TRUE
312,canceled,2015/3/10,2015/4/1,22,TRUE,TRUE
312,canceled,2015/4/1,2015/7/2,92,TRUE,TRUE
312,current,2015/7/8,,,TRUE,FALSE
864,canceled,2014/11/10,2014/11/19,9,FALSE,TRUE
963,canceled,2014/11/10,2014/11/14,4,FALSE,TRUE
328,current,2014/11/10,,,FALSE,FALSE
1122,canceled,2014/11/10,2014/11/17,7,FALSE,TRUE
626,canceled,2014/11/10,2014/11/19,9,FALSE,TRUE
626,canceled,2015/3/4,2015/5/11,68,FALSE,TRUE
1238,canceled,2014/11/10,2014/11/10,0,FALSE,TRUE
1117,canceled,2014/11/11,2015/1/15,65,FALSE,TRUE
187,canceled,2014/11/12,2015/4/19,158,FALSE,TRUE
617,current,2014/11/12,,,FALSE,FALSE
547,canceled,2015/2/3,2015/8/16,194,FALSE,TRUE
547,canceled,2014/12/9,2015/2/3,56,FALSE,TRUE
159,canceled,2015/2/5,2015/2/12,7,FALSE,TRUE
159,canceled,2014/12/9,2015/2/3,56,FALSE,TRUE
159,current,2015/2/12,,,FALSE,FALSE
561,current,2015/2/5,,,FALSE,FALSE
1226,canceled,2015/2/5,2015/4/8,62,FALSE,TRUE
1226,canceled,2015/4/8,2015/5/12,34,FALSE,TRUE
352,current,2015/2/5,,,FALSE,FALSE
374,current,2015/2/6,,,FALSE,FALSE
857,canceled,2015/2/6,2015/4/8,61,FALSE,TRUE
857,current,2015/4/8,,,FALSE,FALSE
1044,canceled,2015/2/8,2015/2/8,0,FALSE,TRUE
143,canceled,2015/2/9,2015/6/16,127,FALSE,TRUE
138,canceled,2015/2/10,2015/4/8,57,FALSE,TRUE
138,current,2015/4/8,,,FALSE,FALSE
952,canceled,2015/2/11,2015/3/18,35,FALSE,TRUE
716,canceled,2015/2/11,2015/2/15,4,FALSE,TRUE
1233,canceled,2015/2/11,2015/2/16,5,FALSE,TRUE
416,canceled,2015/2/11,2015/2/16,5,FALSE,TRUE
416,canceled,2015/4/8,2015/7/15,98,FALSE,TRUE
477,canceled,2015/3/4,2015/7/11,129,FALSE,TRUE
132,canceled,2015/3/4,2015/6/11,99,FALSE,TRUE
624,canceled,2015/3/4,2015/6/26,114,FALSE,TRUE
50,current,2015/3/4,,,FALSE,FALSE
1297,canceled,2015/3/4,2015/3/9,5,FALSE,TRUE
1297,canceled,2015/2/5,2015/2/8,3,FALSE,TRUE
749,canceled,2015/3/5,2015/3/5,0,FALSE,TRUE
1247,canceled,2015/3/5,2015/4/12,38,FALSE,TRUE
607,current,2015/3/5,,,FALSE,FALSE
971,canceled,2015/2/6,2015/2/8,2,FALSE,TRUE
251,canceled,2015/2/6,2015/4/8,61,FALSE,TRUE
251,current,2015/4/8,,,FALSE,FALSE
709,canceled,2015/2/8,2015/3/15,35,FALSE,TRUE
564,canceled,2015/2/8,2015/4/8,59,FALSE,TRUE
564,current,2015/4/8,,,FALSE,FALSE
741,canceled,2015/2/9,2015/2/15,6,FALSE,TRUE
70,current,2015/2/9,,,FALSE,FALSE
792,canceled,2015/2/9,2015/6/16,127,FALSE,TRUE
494,current,2015/2/9,,,FALSE,FALSE
494,canceled,2014/11/10,2014/11/17,7,FALSE,TRUE
833,canceled,2015/2/9,2015/3/3,22,FALSE,TRUE
603,current,2015/2/9,,,FALSE,FALSE
307,current,2015/2/10,,,FALSE,FALSE
337,current,2015/2/10,,,FALSE,FALSE
823,canceled,2015/2/10,2015/4/8,57,FALSE,TRUE
823,canceled,2015/4/8,2015/5/17,39,FALSE,TRUE
30,current,2015/2/10,,,FALSE,FALSE
82,current,2015/3/5,,,FALSE,FALSE
348,current,2015/3/5,,,FALSE,FALSE
348,canceled,2015/2/5,2015/2/27,22,FALSE,TRUE
1097,canceled,2015/3/5,2015/3/11,6,FALSE,TRUE
139,current,2015/3/6,,,FALSE,FALSE
1129,canceled,2015/3/7,2015/3/7,0,FALSE,TRUE
1129,canceled,2015/2/11,2015/2/11,0,FALSE,TRUE
185,canceled,2014/11/12,2015/3/10,118,FALSE,TRUE
185,canceled,2015/3/10,2015/4/1,22,FALSE,TRUE
185,current,2015/4/1,,,FALSE,FALSE
281,current,2014/11/14,,,FALSE,FALSE
855,canceled,2014/11/14,2014/12/21,37,FALSE,TRUE
683,canceled,2014/11/14,2014/11/15,1,FALSE,TRUE
1041,canceled,2014/11/15,2014/11/21,6,FALSE,TRUE
908,canceled,2014/11/15,2014/11/16,1,FALSE,TRUE
191,canceled,2014/11/16,2015/3/10,114,FALSE,TRUE
191,current,2015/3/10,,,FALSE,FALSE
261,canceled,2014/11/16,2015/2/23,99,FALSE,TRUE
1017,canceled,2014/11/16,2014/11/20,4,FALSE,TRUE
415,canceled,2014/11/16,2015/3/10,114,FALSE,TRUE
415,current,2015/3/10,,,FALSE,FALSE
868,canceled,2014/11/16,2014/12/8,22,FALSE,TRUE
935,canceled,2014/11/16,2014/11/23,7,FALSE,TRUE
719,canceled,2014/11/17,2014/11/25,8,FALSE,TRUE
974,canceled,2014/12/8,2014/12/12,4,FALSE,TRUE
668,canceled,2014/12/9,2014/12/15,6,FALSE,TRUE
668,canceled,2015/1/13,2015/1/20,7,FALSE,TRUE
1180,canceled,2014/12/9,2014/12/13,4,FALSE,TRUE
1027,canceled,2014/12/9,2014/12/13,4,FALSE,TRUE
836,canceled,2014/12/9,2015/1/16,38,FALSE,TRUE
836,current,2015/7/16,,,FALSE,FALSE
319,current,2014/12/30,,,FALSE,FALSE
108,canceled,2015/1/7,2015/4/20,103,FALSE,TRUE
108,canceled,2015/4/20,2015/5/14,24,FALSE,TRUE
285,canceled,2015/1/7,2015/3/10,62,FALSE,TRUE
285,current,2015/3/10,,,FALSE,FALSE
1008,canceled,2015/1/7,2015/1/14,7,FALSE,TRUE
71,canceled,2015/1/7,2015/1/13,6,FALSE,TRUE
71,canceled,2015/2/11,2015/2/18,7,FALSE,TRUE
71,current,2015/4/7,,,FALSE,FALSE
1073,current,2015/1/7,,,FALSE,FALSE
842,canceled,2015/1/7,2015/1/9,2,FALSE,TRUE
818,canceled,2015/1/7,2015/1/12,5,TRUE,TRUE
421,current,2015/1/8,,,FALSE,FALSE
698,canceled,2015/1/8,2015/2/15,38,FALSE,TRUE
9,current,2015/1/8,,,FALSE,FALSE
144,canceled,2015/1/9,2015/1/10,1,FALSE,TRUE
144,current,2015/3/6,,,FALSE,FALSE
427,canceled,2015/1/9,2015/6/16,158,FALSE,TRUE
1212,canceled,2015/1/10,2015/2/1,22,FALSE,TRUE
1212,canceled,2015/7/19,2015/7/27,8,FALSE,TRUE
1140,canceled,2015/1/10,2015/2/17,38,FALSE,TRUE
344,current,2015/1/11,,,FALSE,FALSE
517,current,2015/3/6,,,FALSE,FALSE
703,canceled,2015/3/6,2015/3/9,3,FALSE,TRUE
505,canceled,2015/3/7,2015/5/14,68,FALSE,TRUE
171,canceled,2015/3/8,2015/6/15,99,FALSE,TRUE
586,current,2015/3/10,,,FALSE,FALSE
492,current,2015/3/10,,,FALSE,FALSE
1102,canceled,2015/3/10,2015/4/8,29,FALSE,TRUE
1102,canceled,2015/1/8,2015/3/10,61,FALSE,TRUE
1102,canceled,2015/4/8,2015/6/15,68,FALSE,TRUE
1287,canceled,2015/3/10,2015/5/20,71,FALSE,TRUE
1287,canceled,2015/1/13,2015/3/10,56,FALSE,TRUE
1254,canceled,2015/3/10,2015/3/17,7,FALSE,TRUE
1254,canceled,2015/1/10,2015/3/10,59,FALSE,TRUE
1259,current,2015/3/10,,,FALSE,FALSE
1259,canceled,2015/1/13,2015/3/10,56,FALSE,TRUE
1128,canceled,2015/3/11,2015/6/18,99,FALSE,TRUE
149,current,2015/3/11,,,FALSE,FALSE
78,current,2015/4/1,,,FALSE,FALSE
78,canceled,2014/12/8,2015/4/1,114,FALSE,TRUE
558,current,2015/4/1,,,FALSE,FALSE
558,canceled,2014/12/3,2015/4/1,119,FALSE,TRUE
153,canceled,2015/4/1,2015/7/14,104,FALSE,TRUE
153,canceled,2014/12/7,2015/4/1,115,FALSE,TRUE
473,canceled,2015/4/1,2015/4/15,14,FALSE,TRUE
473,canceled,2014/12/8,2015/4/1,114,FALSE,TRUE
246,current,2015/4/1,,,FALSE,FALSE
455,current,2015/4/1,,,FALSE,FALSE
1294,canceled,2015/3/10,2015/3/16,6,FALSE,TRUE
1294,canceled,2015/4/8,2015/4/9,1,FALSE,TRUE
106,current,2015/3/10,,,FALSE,FALSE
106,canceled,2014/11/11,2015/3/10,119,FALSE,TRUE
74,canceled,2015/3/10,2015/4/1,22,FALSE,TRUE
74,canceled,2015/4/1,2015/4/23,22,FALSE,TRUE
74,canceled,2014/11/15,2015/3/10,115,FALSE,TRUE
591,canceled,2015/3/10,2015/4/1,22,FALSE,TRUE
591,current,2015/4/1,,,FALSE,FALSE
591,canceled,2014/11/12,2015/3/10,118,FALSE,TRUE
419,canceled,2015/3/10,2015/8/8,151,FALSE,TRUE
419,canceled,2014/11/17,2015/3/10,113,FALSE,TRUE
31,current,2015/3/10,,,FALSE,FALSE
31,canceled,2014/11/10,2015/3/10,120,FALSE,TRUE
69,canceled,2015/3/10,2015/5/24,75,FALSE,TRUE
69,canceled,2014/11/17,2015/3/10,113,FALSE,TRUE
906,current,2015/3/10,,,FALSE,FALSE
906,canceled,2014/11/17,2015/3/10,113,FALSE,TRUE
601,current,2015/3/10,,,FALSE,FALSE
601,canceled,2014/11/10,2015/3/10,120,FALSE,TRUE
321,canceled,2015/3/10,2015/7/7,119,FALSE,TRUE
321,current,2015/7/9,,,FALSE,FALSE
321,canceled,2014/11/15,2015/3/10,115,FALSE,TRUE
99,canceled,2015/3/10,2015/8/20,163,FALSE,TRUE
99,canceled,2015/1/13,2015/3/10,56,FALSE,TRUE
1103,canceled,2015/3/10,2015/7/20,132,FALSE,TRUE
1103,canceled,2015/1/13,2015/3/10,56,FALSE,TRUE
685,canceled,2015/3/10,2015/3/17,7,FALSE,TRUE
1066,canceled,2015/3/10,2015/5/2,53,FALSE,TRUE
659,canceled,2015/3/10,2015/3/15,5,FALSE,TRUE
571,current,2015/4/1,,,FALSE,FALSE
571,canceled,2014/12/8,2015/4/1,114,FALSE,TRUE
426,canceled,2015/4/1,2015/4/2,1,FALSE,TRUE
426,canceled,2015/5/7,2015/8/14,99,FALSE,TRUE
1267,current,2015/4/2,,,FALSE,FALSE
392,current,2015/4/2,,,FALSE,FALSE
98,canceled,2015/4/2,2015/7/9,98,FALSE,TRUE
578,current,2015/4/2,,,FALSE,FALSE
86,current,2015/4/2,,,FALSE,FALSE
158,current,2015/4/4,,,FALSE,FALSE
1193,canceled,2015/4/4,2015/4/7,3,FALSE,TRUE
757,canceled,2015/1/11,2015/2/18,38,FALSE,TRUE
151,canceled,2015/1/11,2015/4/2,81,FALSE,TRUE
642,current,2015/1/11,,,FALSE,FALSE
534,canceled,2015/1/12,2015/4/19,97,FALSE,TRUE
214,current,2015/1/12,,,FALSE,FALSE
597,canceled,2015/1/12,2015/7/19,188,FALSE,TRUE
1242,canceled,2015/1/12,2015/3/10,57,FALSE,TRUE
1242,current,2015/3/10,,,FALSE,FALSE
732,canceled,2015/1/12,2015/5/19,127,FALSE,TRUE
168,canceled,2015/1/12,2015/1/19,7,FALSE,TRUE
168,canceled,2015/2/5,2015/4/8,62,FALSE,TRUE
168,current,2015/4/8,,,FALSE,FALSE
657,canceled,2015/1/13,2015/3/10,56,FALSE,TRUE
657,canceled,2015/3/10,2015/3/20,10,FALSE,TRUE
152,current,2014/11/17,,,FALSE,FALSE
1166,canceled,2014/12/3,2014/12/10,7,FALSE,TRUE
539,current,2014/12/3,,,FALSE,FALSE
1132,canceled,2014/12/3,2014/12/8,5,FALSE,TRUE
959,canceled,2014/12/3,2014/12/8,5,FALSE,TRUE
831,canceled,2014/12/3,2015/1/10,38,FALSE,TRUE
1015,canceled,2014/12/3,2015/2/3,62,FALSE,TRUE
1251,current,2014/12/5,,,FALSE,FALSE
613,current,2014/12/5,,,FALSE,FALSE
1245,canceled,2014/12/5,2014/12/9,4,FALSE,TRUE
611,canceled,2014/12/8,2015/1/15,38,FALSE,TRUE
453,current,2014/12/8,,,FALSE,FALSE
62,canceled,2014/12/8,2015/7/15,219,FALSE,TRUE
380,current,2014/12/8,,,FALSE,FALSE
697,canceled,2014/12/8,2015/1/15,38,FALSE,TRUE
43,canceled,2014/12/8,2015/3/30,112,FALSE,TRUE
451,current,2015/4/1,,,FALSE,FALSE
1037,canceled,2015/4/2,2015/4/4,2,FALSE,TRUE
625,current,2015/4/2,,,FALSE,FALSE
769,canceled,2015/4/3,2015/4/25,22,FALSE,TRUE
1301,canceled,2015/4/3,2015/4/4,1,FALSE,TRUE
1123,canceled,2015/4/3,2015/5/10,37,FALSE,TRUE
1154,current,2015/4/5,,,FALSE,FALSE
853,canceled,2015/4/6,2015/4/6,0,FALSE,TRUE
853,current,2015/7/17,,,FALSE,FALSE
918,canceled,2015/4/6,2015/5/28,52,FALSE,TRUE
1248,canceled,2015/4/6,2015/5/13,37,FALSE,TRUE
1189,canceled,2015/4/7,2015/5/14,37,FALSE,TRUE
1285,canceled,2015/4/7,2015/5/14,37,FALSE,TRUE
1296,canceled,2015/4/7,2015/4/14,7,FALSE,TRUE
1296,canceled,2015/4/15,2015/4/15,0,FALSE,TRUE
1296,canceled,2015/4/6,2015/4/7,1,FALSE,TRUE
844,canceled,2015/4/7,2015/4/16,9,FALSE,TRUE
844,canceled,2015/5/6,2015/5/12,6,FALSE,TRUE
690,current,2015/4/8,,,FALSE,FALSE
690,canceled,2015/2/5,2015/4/8,62,FALSE,TRUE
424,current,2015/4/6,,,FALSE,FALSE
926,canceled,2015/4/6,2015/4/6,0,FALSE,TRUE
379,current,2015/4/7,,,FALSE,FALSE
379,canceled,2015/1/12,2015/1/12,0,FALSE,TRUE
1138,canceled,2015/4/7,2015/4/12,5,FALSE,TRUE
641,canceled,2015/4/7,2015/6/14,68,FALSE,TRUE
641,canceled,2014/12/9,2014/12/15,6,FALSE,TRUE
404,canceled,2015/4/7,2015/4/8,1,FALSE,TRUE
404,canceled,2015/4/8,2015/8/17,131,FALSE,TRUE
105,canceled,2015/4/7,2015/5/14,37,FALSE,TRUE
395,current,2015/4/8,,,FALSE,FALSE
1299,current,2015/4/8,,,FALSE,FALSE
1299,canceled,2015/2/5,2015/4/8,62,FALSE,TRUE
589,current,2015/4/8,,,FALSE,FALSE
589,canceled,2015/2/5,2015/4/8,62,FALSE,TRUE
793,canceled,2015/4/8,2015/4/17,9,FALSE,TRUE
793,canceled,2015/2/10,2015/4/8,57,FALSE,TRUE
433,current,2015/4/8,,,FALSE,FALSE
677,canceled,2015/4/8,2015/4/14,6,FALSE,TRUE
243,canceled,2015/4/9,2015/4/15,6,FALSE,TRUE
243,canceled,2014/11/16,2015/1/23,68,FALSE,TRUE
555,current,2015/4/9,,,FALSE,FALSE
1104,canceled,2015/4/10,2015/4/17,7,FALSE,TRUE
676,current,2015/4/13,,,FALSE,FALSE
127,current,2015/4/24,,,FALSE,FALSE
201,current,2015/4/24,,,FALSE,FALSE
396,current,2015/4/24,,,FALSE,FALSE
267,current,2015/4/24,,,FALSE,FALSE
240,current,2015/4/24,,,FALSE,FALSE
894,canceled,2015/5/6,2015/5/12,6,FALSE,TRUE
647,current,2015/5/6,,,FALSE,FALSE
1163,canceled,2015/5/6,2015/6/13,38,FALSE,TRUE
948,canceled,2015/5/6,2015/6/22,47,FALSE,TRUE
1202,canceled,2015/5/7,2015/6/14,38,FALSE,TRUE
559,current,2015/5/7,,,FALSE,FALSE
476,current,2015/5/8,,,FALSE,FALSE
970,canceled,2015/5/8,2015/5/14,6,FALSE,TRUE
970,canceled,2015/7/17,2015/7/23,6,FALSE,TRUE
711,canceled,2015/5/8,2015/5/8,0,FALSE,TRUE
790,canceled,2014/12/9,2014/12/15,6,FALSE,TRUE
867,canceled,2014/12/9,2014/12/31,22,FALSE,TRUE
516,canceled,2014/12/9,2014/12/11,2,FALSE,TRUE
516,current,2015/5/11,,,FALSE,FALSE
1292,canceled,2015/1/7,2015/5/14,127,FALSE,TRUE
77,current,2015/1/7,,,FALSE,FALSE
56,current,2015/1/7,,,FALSE,FALSE
93,canceled,2015/1/7,2015/4/14,97,FALSE,TRUE
207,current,2015/1/7,,,FALSE,FALSE
103,current,2015/1/7,,,FALSE,FALSE
460,canceled,2015/1/7,2015/5/5,118,FALSE,TRUE
460,current,2015/5/7,,,FALSE,FALSE
610,canceled,2015/1/7,2015/3/14,66,FALSE,TRUE
446,current,2015/1/7,,,FALSE,FALSE
232,current,2015/1/8,,,FALSE,FALSE
670,canceled,2015/1/8,2015/4/15,97,FALSE,TRUE
1134,canceled,2015/1/8,2015/1/9,1,FALSE,TRUE
515,current,2015/1/8,,,FALSE,FALSE
803,canceled,2015/1/8,2015/1/8,0,FALSE,TRUE
1141,canceled,2015/1/9,2015/1/15,6,FALSE,TRUE
59,current,2015/1/10,,,FALSE,FALSE
900,canceled,2015/1/10,2015/2/17,38,FALSE,TRUE
900,current,2015/5/11,,,FALSE,FALSE
774,canceled,2015/1/11,2015/1/15,4,FALSE,TRUE
1053,canceled,2015/1/11,2015/3/18,66,FALSE,TRUE
357,current,2015/1/11,,,FALSE,FALSE
934,canceled,2015/1/11,2015/2/18,38,FALSE,TRUE
746,canceled,2015/2/5,2015/3/12,35,FALSE,TRUE
279,canceled,2015/2/5,2015/4/8,62,FALSE,TRUE
279,current,2015/4/8,,,FALSE,FALSE
136,canceled,2015/2/5,2015/4/8,62,FALSE,TRUE
136,current,2015/4/8,,,FALSE,FALSE
1092,canceled,2015/2/5,2015/2/9,4,FALSE,TRUE
799,canceled,2015/2/6,2015/2/6,0,FALSE,TRUE
1042,canceled,2015/2/6,2015/2/28,22,FALSE,TRUE
1042,canceled,2015/5/28,2015/6/19,22,FALSE,TRUE
789,canceled,2015/2/6,2015/2/6,0,FALSE,TRUE
413,canceled,2015/2/6,2015/5/13,96,FALSE,TRUE
738,canceled,2015/2/7,2015/2/13,6,FALSE,TRUE
306,canceled,2015/2/8,2015/4/8,59,FALSE,TRUE
306,current,2015/4/8,,,FALSE,FALSE
436,current,2015/2/8,,,FALSE,FALSE
35,current,2015/2/8,,,FALSE,FALSE
463,current,2015/2/9,,,FALSE,FALSE
1105,canceled,2015/2/9,2015/2/13,4,FALSE,TRUE
284,canceled,2015/2/9,2015/4/8,58,FALSE,TRUE
284,current,2015/4/8,,,FALSE,FALSE
521,canceled,2015/2/9,2015/4/8,58,FALSE,TRUE
521,canceled,2015/4/8,2015/7/16,99,FALSE,TRUE
1229,canceled,2015/2/9,2015/2/12,3,FALSE,TRUE
1049,canceled,2015/2/10,2015/3/4,22,FALSE,TRUE
1198,canceled,2015/2/11,2015/2/15,4,FALSE,TRUE
1198,canceled,2015/3/4,2015/4/11,38,FALSE,TRUE
720,canceled,2015/3/4,2015/4/11,38,FALSE,TRUE
239,current,2015/3/4,,,FALSE,FALSE
819,canceled,2015/3/4,2015/3/4,0,FALSE,TRUE
819,canceled,2015/3/4,2015/3/4,0,FALSE,TRUE
958,canceled,2015/3/4,2015/6/7,95,FALSE,TRUE
718,canceled,2015/5/8,2015/6/19,42,FALSE,TRUE
475,current,2015/5/9,,,FALSE,FALSE
276,current,2015/5/10,,,FALSE,FALSE
608,current,2015/5/10,,,FALSE,FALSE
293,canceled,2015/5/10,2015/8/17,99,FALSE,TRUE
341,current,2015/5/10,,,FALSE,FALSE
501,current,2015/5/11,,,FALSE,FALSE
858,canceled,2015/5/12,2015/7/19,68,FALSE,TRUE
713,canceled,2015/5/12,2015/7/4,53,FALSE,TRUE
1040,canceled,2015/5/12,2015/6/19,38,FALSE,TRUE
1040,canceled,2014/11/11,2014/11/17,6,FALSE,TRUE
1305,canceled,2015/5/12,2015/6/19,38,FALSE,TRUE
1091,canceled,2015/5/12,2015/5/18,6,FALSE,TRUE
1192,canceled,2015/5/12,2015/5/17,5,FALSE,TRUE
25,current,2015/5/12,,,FALSE,FALSE
25,canceled,2014/11/11,2015/2/18,99,FALSE,TRUE
674,current,2015/5/12,,,FALSE,FALSE
734,canceled,2015/5/13,2015/5/17,4,FALSE,TRUE
988,canceled,2015/5/13,2015/7/20,68,FALSE,TRUE
771,current,2015/5/13,,,FALSE,FALSE
771,canceled,2014/12/9,2014/12/15,6,FALSE,TRUE
1016,canceled,2015/5/13,2015/5/19,6,FALSE,TRUE
877,canceled,2015/5/13,2015/6/4,22,FALSE,TRUE
63,current,2015/5/28,,,FALSE,FALSE
481,current,2015/5/28,,,FALSE,FALSE
902,canceled,2015/5/29,2015/5/29,0,FALSE,TRUE
996,canceled,2015/5/29,2015/5/29,0,FALSE,TRUE
42,current,2015/5/30,,,FALSE,FALSE
42,canceled,2015/3/4,2015/5/11,68,FALSE,TRUE
939,current,2015/4/24,,,FALSE,FALSE
11,current,2015/4/24,,,FALSE,FALSE
262,current,2015/4/24,,,FALSE,FALSE
167,current,2015/4/24,,,FALSE,FALSE
302,current,2015/4/24,,,FALSE,FALSE
551,current,2015/4/24,,,FALSE,FALSE
609,current,2015/4/24,,,FALSE,FALSE
109,current,2015/5/6,,,FALSE,FALSE
211,current,2015/5/6,,,FALSE,FALSE
274,current,2015/5/6,,,FALSE,FALSE
704,canceled,2015/5/6,2015/7/13,68,FALSE,TRUE
407,canceled,2015/5/6,2015/8/13,99,FALSE,TRUE
360,current,2015/5/6,,,FALSE,FALSE
540,current,2015/5/8,,,FALSE,FALSE
1173,current,2015/5/8,,,FALSE,FALSE
886,canceled,2015/5/8,2015/5/13,5,FALSE,TRUE
112,current,2015/5/8,,,FALSE,FALSE
479,current,2015/5/9,,,FALSE,FALSE
1275,canceled,2015/5/9,2015/5/11,2,FALSE,TRUE
237,current,2015/5/10,,,FALSE,FALSE
487,current,2015/5/10,,,FALSE,FALSE
304,current,2015/5/10,,,FALSE,FALSE
330,current,2015/5/10,,,FALSE,FALSE
1250,current,2015/5/11,,,FALSE,FALSE
27,current,2015/5/11,,,FALSE,FALSE
1064,canceled,2015/5/11,2015/5/12,1,FALSE,TRUE
714,canceled,2015/5/11,2015/5/14,3,FALSE,TRUE
714,canceled,2015/7/9,2015/7/12,3,FALSE,TRUE
260,current,2015/5/11,,,FALSE,FALSE
511,current,2015/5/11,,,FALSE,FALSE
1029,canceled,2015/5/12,2015/7/4,53,FALSE,TRUE
399,current,2015/5/12,,,FALSE,FALSE
977,current,2015/5/12,,,FALSE,FALSE
556,current,2015/5/12,,,FALSE,FALSE
1265,current,2015/5/12,,,FALSE,FALSE
1265,canceled,2015/4/8,2015/4/14,6,FALSE,TRUE
252,current,2015/5/12,,,FALSE,FALSE
1213,canceled,2015/1/12,2015/1/12,0,FALSE,TRUE
991,canceled,2015/1/12,2015/1/18,6,FALSE,TRUE
733,canceled,2015/1/12,2015/1/12,0,FALSE,TRUE
1240,canceled,2015/1/12,2015/1/19,7,FALSE,TRUE
1195,canceled,2015/1/13,2015/1/16,3,FALSE,TRUE
945,canceled,2015/1/13,2015/1/17,4,FALSE,TRUE
100,current,2015/2/5,,,FALSE,FALSE
313,current,2015/2/5,,,FALSE,FALSE
465,canceled,2015/2/5,2015/8/12,188,FALSE,TRUE
615,current,2015/3/5,,,FALSE,FALSE
372,current,2015/3/6,,,FALSE,FALSE
614,current,2015/3/6,,,FALSE,FALSE
1045,canceled,2015/3/6,2015/3/12,6,FALSE,TRUE
208,canceled,2015/3/8,2015/6/15,99,FALSE,TRUE
944,canceled,2015/3/10,2015/3/12,2,FALSE,TRUE
652,current,2015/3/10,,,FALSE,FALSE
1168,canceled,2015/3/10,2015/3/16,6,FALSE,TRUE
1260,canceled,2015/3/11,2015/5/18,68,FALSE,TRUE
1194,canceled,2015/3/11,2015/7/8,119,FALSE,TRUE
361,canceled,2015/5/13,2015/6/20,38,FALSE,TRUE
1185,current,2015/5/13,,,FALSE,FALSE
490,current,2015/5/13,,,FALSE,FALSE
365,current,2015/5/13,,,FALSE,FALSE
1237,canceled,2015/5/28,2015/5/28,0,FALSE,TRUE
220,current,2015/5/29,,,FALSE,FALSE
220,canceled,2015/4/7,2015/5/29,52,FALSE,TRUE
124,current,2015/5/31,,,FALSE,FALSE
1069,canceled,2015/6/1,2015/6/1,0,TRUE,TRUE
814,canceled,2015/6/2,2015/6/7,5,FALSE,TRUE
496,current,2015/6/3,,,FALSE,FALSE
405,current,2015/6/4,,,FALSE,FALSE
405,canceled,2015/6/3,2015/6/4,1,FALSE,TRUE
452,current,2015/6/4,,,FALSE,FALSE
318,current,2015/6/5,,,FALSE,FALSE
266,current,2015/6/6,,,FALSE,FALSE
219,current,2015/6/6,,,FALSE,FALSE
83,current,2015/6/6,,,FALSE,FALSE
1266,canceled,2015/6/7,2015/6/16,9,FALSE,TRUE
121,current,2015/6/7,,,FALSE,FALSE
679,canceled,2015/6/8,2015/6/13,5,FALSE,TRUE
459,current,2015/6/8,,,FALSE,FALSE
735,canceled,2015/6/8,2015/6/9,1,FALSE,TRUE
735,canceled,2015/4/14,2015/5/21,37,FALSE,TRUE
1032,current,2015/6/8,,,FALSE,FALSE
1093,canceled,2015/6/8,2015/6/11,3,FALSE,TRUE
128,current,2015/6/8,,,FALSE,FALSE
978,canceled,2015/6/9,2015/6/14,5,FALSE,TRUE
1031,current,2015/6/9,,,FALSE,FALSE
673,current,2015/6/1,,,FALSE,FALSE
663,canceled,2015/6/2,2015/6/9,7,FALSE,TRUE
663,canceled,2015/6/9,2015/6/15,6,FALSE,TRUE
843,current,2015/6/2,,,FALSE,FALSE
216,current,2015/6/2,,,FALSE,FALSE
731,canceled,2015/6/3,2015/6/7,4,FALSE,TRUE
554,current,2015/6/7,,,FALSE,FALSE
1183,canceled,2015/6/8,2015/6/30,22,FALSE,TRUE
1183,canceled,2015/7/17,2015/8/8,22,FALSE,TRUE
1183,canceled,2015/5/11,2015/6/2,22,FALSE,TRUE
133,current,2015/6/8,,,FALSE,FALSE
887,current,2015/6/8,,,FALSE,FALSE
248,current,2015/6/9,,,FALSE,FALSE
629,current,2015/6/9,,,FALSE,FALSE
478,current,2015/6/9,,,FALSE,FALSE
804,canceled,2015/6/9,2015/7/16,37,FALSE,TRUE
721,canceled,2015/6/9,2015/6/16,7,FALSE,TRUE
721,canceled,2015/7/9,2015/7/15,6,FALSE,TRUE
1086,canceled,2015/6/9,2015/6/9,0,FALSE,TRUE
951,canceled,2015/7/8,2015/7/11,3,FALSE,TRUE
1096,canceled,2015/7/8,2015/7/15,7,FALSE,TRUE
1096,current,2015/7/15,,,FALSE,FALSE
163,current,2015/7/9,,,FALSE,FALSE
1169,canceled,2015/7/10,2015/7/17,7,FALSE,TRUE
1126,canceled,2015/7/10,2015/7/15,5,FALSE,TRUE
813,canceled,2015/7/11,2015/7/17,6,FALSE,TRUE
1208,canceled,2015/2/5,2015/3/13,36,FALSE,TRUE
1207,canceled,2015/2/6,2015/2/28,22,FALSE,TRUE
602,canceled,2015/2/6,2015/8/13,188,FALSE,TRUE
1153,canceled,2015/2/6,2015/3/13,35,FALSE,TRUE
605,current,2015/2/6,,,FALSE,FALSE
1210,canceled,2015/2/7,2015/3/14,35,FALSE,TRUE
916,canceled,2015/2/8,2015/4/15,66,FALSE,TRUE
381,current,2015/2/9,,,FALSE,FALSE
666,canceled,2015/2/9,2015/4/16,66,FALSE,TRUE
26,current,2015/2/11,,,FALSE,FALSE
508,current,2015/3/4,,,FALSE,FALSE
509,current,2015/3/5,,,FALSE,FALSE
753,canceled,2015/3/5,2015/4/12,38,FALSE,TRUE
1190,canceled,2015/3/6,2015/3/6,0,FALSE,TRUE
141,canceled,2015/3/7,2015/5/14,68,FALSE,TRUE
432,current,2015/3/9,,,FALSE,FALSE
375,current,2015/3/9,,,FALSE,FALSE
183,current,2015/4/1,,,FALSE,FALSE
400,current,2015/4/1,,,FALSE,FALSE
585,current,2015/4/1,,,FALSE,FALSE
13,current,2015/4/1,,,FALSE,FALSE
205,current,2015/4/1,,,FALSE,FALSE
914,canceled,2015/4/2,2015/4/2,0,FALSE,TRUE
914,canceled,2015/7/17,2015/7/17,0,FALSE,TRUE
593,current,2015/4/2,,,FALSE,FALSE
437,current,2015/4/2,,,FALSE,FALSE
468,current,2015/4/2,,,FALSE,FALSE
729,canceled,2015/4/3,2015/4/25,22,FALSE,TRUE
22,current,2015/4/3,,,FALSE,FALSE
449,current,2015/4/3,,,FALSE,FALSE
482,current,2015/4/3,,,FALSE,FALSE
349,current,2015/4/3,,,FALSE,FALSE
994,canceled,2015/4/5,2015/4/6,1,FALSE,TRUE
1089,canceled,2015/4/6,2015/5/13,37,FALSE,TRUE
651,canceled,2015/4/6,2015/6/13,68,FALSE,TRUE
1054,canceled,2015/4/7,2015/8/14,129,FALSE,TRUE
289,canceled,2015/4/7,2015/7/14,98,FALSE,TRUE
796,canceled,2015/4/7,2015/4/16,9,FALSE,TRUE
104,current,2015/4/10,,,FALSE,FALSE
286,current,2015/7/8,,,FALSE,FALSE
812,current,2015/7/9,,,FALSE,FALSE
462,current,2015/7/9,,,FALSE,FALSE
1001,current,2015/7/9,,,FALSE,FALSE
213,current,2015/7/14,,,FALSE,FALSE
359,current,2015/7/15,,,FALSE,FALSE
915,canceled,2015/7/16,2015/7/22,6,FALSE,TRUE
21,current,2015/7/17,,,FALSE,FALSE
633,current,2015/7/17,,,FALSE,FALSE
1279,canceled,2015/7/17,2015/7/22,5,FALSE,TRUE
1279,canceled,2015/7/17,2015/7/17,0,FALSE,TRUE
1179,canceled,2015/7/17,2015/7/22,5,FALSE,TRUE
1205,canceled,2015/7/17,2015/8/5,19,FALSE,TRUE
850,canceled,2015/7/18,2015/7/22,4,FALSE,TRUE
1256,canceled,2015/7/18,2015/7/24,6,FALSE,TRUE
1014,current,2015/7/18,,,FALSE,FALSE
1258,canceled,2015/7/15,2015/7/21,6,FALSE,TRUE
40,current,2015/7/15,,,FALSE,FALSE
1216,current,2015/7/16,,,FALSE,FALSE
1131,current,2015/7/16,,,FALSE,FALSE
1150,current,2015/7/16,,,FALSE,FALSE
403,current,2015/7/16,,,FALSE,FALSE
773,current,2015/7/17,,,FALSE,FALSE
968,canceled,2015/7/17,2015/7/17,0,FALSE,TRUE
662,canceled,2015/7/17,2015/7/21,4,FALSE,TRUE
1155,canceled,2015/7/17,2015/7/17,0,FALSE,TRUE
856,canceled,2015/7/18,2015/8/9,22,FALSE,TRUE
848,canceled,2015/8/11,2015/8/14,3,FALSE,TRUE
848,canceled,2015/3/6,2015/3/11,5,FALSE,TRUE
305,current,2015/3/10,,,FALSE,FALSE
768,canceled,2015/3/10,2015/3/11,1,FALSE,TRUE
485,current,2015/3/10,,,FALSE,FALSE
464,current,2015/4/1,,,FALSE,FALSE
340,current,2015/4/1,,,FALSE,FALSE
788,canceled,2015/4/1,2015/4/6,5,FALSE,TRUE
75,current,2015/4/1,,,FALSE,FALSE
786,canceled,2015/4/2,2015/5/9,37,FALSE,TRUE
1072,current,2015/4/2,,,FALSE,FALSE
588,current,2015/4/2,,,FALSE,FALSE
291,current,2015/4/2,,,FALSE,FALSE
1264,canceled,2015/4/2,2015/6/9,68,FALSE,TRUE
830,canceled,2015/4/3,2015/4/6,3,FALSE,TRUE
1088,canceled,2015/4/3,2015/4/25,22,FALSE,TRUE
723,canceled,2015/4/3,2015/4/6,3,FALSE,TRUE
536,current,2015/4/24,,,FALSE,FALSE
107,current,2015/4/24,,,FALSE,FALSE
353,current,2015/4/24,,,FALSE,FALSE
146,current,2015/4/24,,,FALSE,FALSE
466,current,2015/5/6,,,FALSE,FALSE
811,canceled,2015/5/6,2015/6/13,38,FALSE,TRUE
825,canceled,2015/5/6,2015/5/6,0,FALSE,TRUE
825,canceled,2015/5/9,2015/6/16,38,FALSE,TRUE
484,current,2015/5/7,,,FALSE,FALSE
1055,canceled,2015/5/8,2015/7/15,68,FALSE,TRUE
192,current,2015/5/9,,,FALSE,FALSE
766,canceled,2015/5/10,2015/5/10,0,FALSE,TRUE
398,current,2015/5/11,,,FALSE,FALSE
1215,canceled,2015/5/11,2015/7/18,68,FALSE,TRUE
20,current,2015/5/11,,,FALSE,FALSE
1030,canceled,2015/5/11,2015/7/18,68,FALSE,TRUE
955,canceled,2015/5/11,2015/8/18,99,FALSE,TRUE
995,canceled,2015/5/11,2015/5/18,7,FALSE,TRUE
200,current,2015/5/12,,,FALSE,FALSE
665,current,2015/5/12,,,FALSE,FALSE
815,canceled,2015/5/12,2015/5/18,6,FALSE,TRUE
1263,current,2015/8/16,,,FALSE,FALSE
1136,current,2015/8/18,,,FALSE,FALSE
1144,current,2015/8/18,,,FALSE,FALSE
142,current,2015/8/19,,,FALSE,FALSE
142,canceled,2015/1/12,2015/8/3,203,FALSE,TRUE
1228,current,2015/8/19,,,FALSE,FALSE
967,current,2015/8/21,,,FALSE,FALSE
754,current,2015/8/21,,,FALSE,FALSE
851,current,2015/8/22,,,FALSE,FALSE
990,current,2015/8/23,,,FALSE,FALSE
1039,canceled,2015/7/19,2015/7/19,0,FALSE,TRUE
1039,canceled,2015/8/12,2015/8/16,4,FALSE,TRUE
950,current,2015/7/19,,,FALSE,FALSE
1087,current,2015/7/20,,,FALSE,FALSE
1018,canceled,2015/7/20,2015/7/26,6,FALSE,TRUE
993,canceled,2015/8/11,2015/8/17,6,FALSE,TRUE
699,canceled,2015/8/11,2015/8/18,7,FALSE,TRUE
940,current,2015/8/13,,,FALSE,FALSE
940,canceled,2015/7/17,2015/7/23,6,FALSE,TRUE
1162,canceled,2015/8/14,2015/8/19,5,FALSE,TRUE
986,current,2015/8/15,,,FALSE,FALSE
784,current,2015/8/17,,,FALSE,FALSE
893,current,2015/8/18,,,FALSE,FALSE
840,current,2015/8/21,,,FALSE,FALSE
975,current,2015/8/23,,,FALSE,FALSE
1038,canceled,2015/4/4,2015/4/26,22,FALSE,TRUE
739,canceled,2015/4/5,2015/4/5,0,FALSE,TRUE
1046,canceled,2015/4/5,2015/4/7,2,FALSE,TRUE
1170,canceled,2015/4/5,2015/7/12,98,FALSE,TRUE
1268,canceled,2015/4/6,2015/5/28,52,FALSE,TRUE
706,canceled,2015/4/7,2015/7/14,98,FALSE,TRUE
1222,canceled,2015/4/7,2015/4/7,0,FALSE,TRUE
936,canceled,2015/4/7,2015/4/12,5,FALSE,TRUE
632,current,2015/4/7,,,FALSE,FALSE
606,canceled,2015/4/8,2015/6/15,68,FALSE,TRUE
117,current,2015/4/8,,,FALSE,FALSE
863,canceled,2015/4/10,2015/4/12,2,FALSE,TRUE
94,current,2015/4/24,,,FALSE,FALSE
299,current,2015/4/24,,,FALSE,FALSE
574,current,2015/4/24,,,FALSE,FALSE
212,current,2015/4/24,,,FALSE,FALSE
401,current,2015/4/24,,,FALSE,FALSE
387,current,2015/4/24,,,FALSE,FALSE
1113,current,2015/5/6,,,FALSE,FALSE
382,current,2015/5/6,,,FALSE,FALSE
8,current,2015/5/6,,,FALSE,FALSE
1,current,2015/5/6,,,FALSE,FALSE
184,current,2015/5/12,,,FALSE,FALSE
61,current,2015/5/12,,,FALSE,FALSE
669,canceled,2015/5/12,2015/7/19,68,FALSE,TRUE
596,current,2015/5/12,,,FALSE,FALSE
7,current,2015/5/12,,,FALSE,FALSE
41,current,2015/5/13,,,FALSE,FALSE
513,current,2015/5/28,,,FALSE,FALSE
545,current,2015/5/28,,,FALSE,FALSE
572,current,2015/5/28,,,FALSE,FALSE
199,current,2015/5/30,,,FALSE,FALSE
1125,canceled,2015/5/31,2015/5/31,0,FALSE,TRUE
569,canceled,2015/6/2,2015/8/9,68,FALSE,TRUE
14,current,2015/6/3,,,FALSE,FALSE
646,current,2015/6/4,,,FALSE,FALSE
708,canceled,2015/6/5,2015/6/5,0,FALSE,TRUE
708,canceled,2015/6/5,2015/6/10,5,FALSE,TRUE
6,current,2015/6/5,,,FALSE,FALSE
619,current,2015/6/6,,,FALSE,FALSE
912,canceled,2015/6/6,2015/8/13,68,FALSE,TRUE
456,current,2015/6/7,,,FALSE,FALSE
1025,canceled,2015/6/7,2015/6/7,0,FALSE,TRUE
80,current,2015/6/7,,,FALSE,FALSE
763,canceled,2015/6/8,2015/6/14,6,FALSE,TRUE
116,current,2015/5/6,,,FALSE,FALSE
89,current,2015/5/7,,,FALSE,FALSE
471,current,2015/5/7,,,FALSE,FALSE
1002,current,2015/5/7,,,FALSE,FALSE
154,current,2015/5/9,,,FALSE,FALSE
58,current,2015/5/9,,,FALSE,FALSE
406,current,2015/5/10,,,FALSE,FALSE
1062,canceled,2015/5/10,2015/6/17,38,FALSE,TRUE
1282,current,2015/5/10,,,FALSE,FALSE
162,current,2015/5/11,,,FALSE,FALSE
242,current,2015/5/11,,,FALSE,FALSE
235,current,2015/5/11,,,FALSE,FALSE
928,current,2015/5/11,,,FALSE,FALSE
1151,current,2015/5/11,,,FALSE,FALSE
249,current,2015/5/12,,,FALSE,FALSE
621,current,2015/5/12,,,FALSE,FALSE
656,current,2015/5/12,,,FALSE,FALSE
497,current,2015/5/12,,,FALSE,FALSE
73,current,2015/5/28,,,FALSE,FALSE
1184,canceled,2015/5/29,2015/6/4,6,FALSE,TRUE
290,current,2015/5/30,,,FALSE,FALSE
1290,current,2015/6/2,,,FALSE,FALSE
294,current,2015/6/4,,,FALSE,FALSE
826,canceled,2015/6/5,2015/6/9,4,FALSE,TRUE
750,canceled,2015/6/6,2015/6/6,0,FALSE,TRUE
573,current,2015/6/7,,,FALSE,FALSE
1081,current,2015/6/8,,,FALSE,FALSE
956,canceled,2015/6/8,2015/8/15,68,FALSE,TRUE
1172,canceled,2015/6/9,2015/6/10,1,FALSE,TRUE
1036,current,2015/6/9,,,FALSE,FALSE
1084,canceled,2015/7/8,2015/7/15,7,FALSE,TRUE
827,canceled,2015/7/8,2015/7/12,4,FALSE,TRUE
271,current,2015/7/8,,,FALSE,FALSE
317,current,2015/7/9,,,FALSE,FALSE
1257,current,2015/7/9,,,FALSE,FALSE
326,current,2015/7/9,,,FALSE,FALSE
783,canceled,2015/7/13,2015/7/19,6,FALSE,TRUE
748,current,2015/6/8,,,FALSE,FALSE
777,canceled,2015/6/8,2015/8/15,68,FALSE,TRUE
910,canceled,2015/6/8,2015/6/15,7,FALSE,TRUE
296,current,2015/6/8,,,FALSE,FALSE
628,current,2015/6/9,,,FALSE,FALSE
1262,current,2015/6/9,,,FALSE,FALSE
531,current,2015/7/8,,,FALSE,FALSE
947,canceled,2015/7/8,2015/7/13,5,FALSE,TRUE
1209,current,2015/7/9,,,FALSE,FALSE
498,current,2015/7/9,,,FALSE,FALSE
1197,canceled,2015/7/9,2015/7/11,2,FALSE,TRUE
430,current,2015/7/10,,,FALSE,FALSE
694,current,2015/7/10,,,FALSE,FALSE
238,current,2015/7/13,,,FALSE,FALSE
48,current,2015/7/16,,,FALSE,FALSE
47,current,2015/7/16,,,FALSE,FALSE
29,current,2015/7/16,,,FALSE,FALSE
885,current,2015/7/16,,,FALSE,FALSE
164,current,2015/7/16,,,FALSE,FALSE
1080,current,2015/7/17,,,FALSE,FALSE
402,canceled,2015/1/12,2015/3/10,57,FALSE,TRUE
402,current,2015/3/10,,,FALSE,FALSE
15,canceled,2015/1/12,2015/1/17,5,FALSE,TRUE
15,canceled,2015/3/4,2015/8/11,160,FALSE,TRUE
87,current,2015/1/12,,,FALSE,FALSE
724,canceled,2015/1/12,2015/1/18,6,FALSE,TRUE
134,canceled,2015/2/5,2015/6/12,127,FALSE,TRUE
1033,canceled,2015/2/6,2015/8/13,188,FALSE,TRUE
782,current,2015/7/17,,,FALSE,FALSE
979,current,2015/7/17,,,FALSE,FALSE
849,canceled,2015/7/17,2015/7/19,2,FALSE,TRUE
898,canceled,2015/7/18,2015/7/24,6,FALSE,TRUE
1302,current,2015/7/18,,,FALSE,FALSE
879,canceled,2015/7/18,2015/7/24,6,FALSE,TRUE
687,current,2015/7/20,,,FALSE,FALSE
924,current,2015/8/11,,,FALSE,FALSE
946,current,2015/8/11,,,FALSE,FALSE
889,canceled,2015/8/11,2015/8/11,0,FALSE,TRUE
805,current,2015/8/11,,,FALSE,FALSE
552,current,2015/8/14,,,FALSE,FALSE
1028,current,2015/8/21,,,FALSE,FALSE
1034,canceled,2015/7/15,2015/7/20,5,FALSE,TRUE
1159,canceled,2015/7/16,2015/7/21,5,FALSE,TRUE
1003,canceled,2015/7/16,2015/7/20,4,FALSE,TRUE
122,current,2015/7/17,,,FALSE,FALSE
39,current,2015/7/17,,,FALSE,FALSE
775,canceled,2015/7/17,2015/7/24,7,FALSE,TRUE
393,current,2015/7/18,,,FALSE,FALSE
1147,current,2015/7/19,,,FALSE,FALSE
325,current,2015/7/19,,,FALSE,FALSE
883,current,2015/7/19,,,FALSE,FALSE
1224,current,2015/7/20,,,FALSE,FALSE
332,current,2015/8/11,,,FALSE,FALSE
443,current,2014/11/10,,,FALSE,FALSE
309,current,2014/11/10,,,FALSE,FALSE
512,canceled,2014/11/10,2015/3/17,127,FALSE,TRUE
821,canceled,2014/11/10,2014/11/16,6,FALSE,TRUE
230,current,2014/11/10,,,FALSE,FALSE
301,current,2014/11/10,,,FALSE,FALSE
760,canceled,2014/11/10,2014/11/13,3,FALSE,TRUE
506,current,2014/11/10,,,FALSE,FALSE
1243,canceled,2014/11/10,2014/11/18,8,FALSE,TRUE
737,canceled,2014/11/10,2014/11/10,0,FALSE,TRUE
1220,canceled,2014/11/10,2014/12/17,37,FALSE,TRUE
878,canceled,2014/11/10,2014/11/10,0,FALSE,TRUE
1288,canceled,2014/11/10,2014/11/15,5,FALSE,TRUE
755,current,2014/11/10,,,FALSE,FALSE
85,canceled,2014/11/11,2015/3/27,136,FALSE,TRUE
160,canceled,2014/11/11,2015/2/18,99,FALSE,TRUE
1050,current,2015/8/11,,,FALSE,FALSE
998,canceled,2015/8/11,2015/8/18,7,FALSE,TRUE
834,current,2015/8/13,,,FALSE,FALSE
742,current,2015/8/14,,,FALSE,FALSE
981,canceled,2015/2/7,2015/2/7,0,FALSE,TRUE
535,current,2015/2/8,,,FALSE,FALSE
636,canceled,2015/2/9,2015/2/10,1,FALSE,TRUE
636,canceled,2015/3/5,2015/8/12,160,FALSE,TRUE
423,canceled,2015/2/9,2015/4/8,58,FALSE,TRUE
423,current,2015/4/8,,,FALSE,FALSE
1112,canceled,2015/2/10,2015/2/13,3,FALSE,TRUE
190,canceled,2015/2/11,2015/4/8,56,FALSE,TRUE
190,current,2015/4/8,,,FALSE,FALSE
1078,canceled,2015/2/11,2015/2/17,6,FALSE,TRUE
692,canceled,2015/2/11,2015/2/24,13,FALSE,TRUE
1101,current,2015/2/25,,,TRUE,FALSE
904,canceled,2015/3/5,2015/3/10,5,FALSE,TRUE
259,canceled,2015/3/5,2015/3/12,7,FALSE,TRUE
259,canceled,2015/4/7,2015/7/14,98,FALSE,TRUE
653,canceled,2015/3/5,2015/3/5,0,FALSE,TRUE
653,current,2015/7/8,,,FALSE,FALSE
1177,canceled,2015/3/6,2015/3/6,0,FALSE,TRUE
1177,current,2015/3/11,,,FALSE,FALSE
233,current,2015/3/6,,,FALSE,FALSE
351,current,2015/3/8,,,FALSE,FALSE
680,canceled,2015/3/9,2015/3/12,3,FALSE,TRUE
1148,canceled,2015/3/9,2015/3/9,0,FALSE,TRUE
854,current,2015/8/23,,,FALSE,FALSE
880,current,2015/8/23,,,FALSE,FALSE
839,canceled,2014/11/13,2015/1/15,63,FALSE,TRUE
1161,canceled,2014/11/13,2014/12/20,37,FALSE,TRUE
672,current,2014/11/14,,,FALSE,FALSE
282,current,2014/11/14,,,FALSE,FALSE
155,current,2014/11/14,,,FALSE,FALSE
949,canceled,2014/11/14,2014/11/20,6,FALSE,TRUE
257,current,2014/11/15,,,FALSE,FALSE
311,current,2014/11/16,,,FALSE,FALSE
188,current,2014/11/16,,,FALSE,FALSE
1146,canceled,2014/11/16,2014/12/23,37,FALSE,TRUE
65,canceled,2014/11/16,2015/2/23,99,FALSE,TRUE
787,canceled,2014/11/16,2014/12/23,37,FALSE,TRUE
941,canceled,2015/3/10,2015/4/1,22,FALSE,TRUE
457,current,2015/3/10,,,FALSE,FALSE
1119,canceled,2015/3/11,2015/3/15,4,FALSE,TRUE
1119,canceled,2015/8/16,2015/8/16,0,FALSE,TRUE
899,canceled,2015/3/11,2015/3/17,6,FALSE,TRUE
985,canceled,2015/3/11,2015/4/18,38,FALSE,TRUE
1186,canceled,2015/3/11,2015/3/11,0,FALSE,TRUE
333,current,2015/4/1,,,FALSE,FALSE
681,canceled,2015/4/1,2015/4/7,6,FALSE,TRUE
681,canceled,2015/6/9,2015/6/15,6,FALSE,TRUE
835,canceled,2014/12/3,2015/1/10,38,FALSE,TRUE
549,canceled,2014/12/3,2015/6/10,189,FALSE,TRUE
660,canceled,2014/12/3,2015/1/10,38,FALSE,TRUE
174,canceled,2014/12/3,2015/3/10,97,FALSE,TRUE
1261,canceled,2014/12/3,2014/12/8,5,FALSE,TRUE
514,canceled,2014/12/4,2015/6/11,189,FALSE,TRUE
1135,canceled,2014/12/4,2014/12/8,4,FALSE,TRUE
953,canceled,2014/12/5,2014/12/11,6,FALSE,TRUE
594,current,2014/12/5,,,FALSE,FALSE
137,current,2014/12/6,,,FALSE,FALSE
725,canceled,2014/12/6,2014/12/6,0,FALSE,TRUE
820,canceled,2014/12/6,2014/12/9,3,FALSE,TRUE
778,canceled,2014/12/7,2014/12/29,22,FALSE,TRUE
865,canceled,2014/12/7,2014/12/13,6,FALSE,TRUE
801,canceled,2014/12/8,2015/2/3,57,FALSE,TRUE
1077,canceled,2014/12/8,2015/1/30,53,FALSE,TRUE
808,canceled,2014/12/8,2014/12/30,22,FALSE,TRUE
241,current,2014/12/8,,,FALSE,FALSE
767,canceled,2014/12/8,2014/12/11,3,FALSE,TRUE
46,current,2014/12/8,,,FALSE,FALSE
917,canceled,2014/12/9,2014/12/14,5,FALSE,TRUE
933,canceled,2014/12/9,2014/12/14,5,FALSE,TRUE
1246,canceled,2014/12/9,2014/12/15,6,FALSE,TRUE
363,current,2015/4/2,,,FALSE,FALSE
269,current,2015/4/2,,,FALSE,FALSE
528,canceled,2015/4/3,2015/8/10,129,FALSE,TRUE
1145,canceled,2015/4/4,2015/4/4,0,FALSE,TRUE
658,canceled,2015/4/6,2015/4/8,2,FALSE,TRUE
658,canceled,2015/4/10,2015/4/10,0,FALSE,TRUE
1158,canceled,2015/4/7,2015/4/9,2,FALSE,TRUE
600,current,2015/4/7,,,FALSE,FALSE
1115,canceled,2015/4/8,2015/5/15,37,FALSE,TRUE
957,canceled,2015/4/8,2015/4/14,6,FALSE,TRUE
920,current,2015/4/12,,,FALSE,FALSE
447,canceled,2015/4/24,2015/6/4,41,FALSE,TRUE
370,current,2015/4/24,,,FALSE,FALSE
84,current,2015/5/6,,,FALSE,FALSE
255,current,2015/5/6,,,FALSE,FALSE
987,canceled,2014/12/9,2014/12/11,2,FALSE,TRUE
472,current,2015/1/7,,,FALSE,FALSE
802,canceled,2015/1/8,2015/1/8,0,FALSE,TRUE
664,canceled,2015/1/8,2015/1/8,0,FALSE,TRUE
272,canceled,2015/1/8,2015/5/15,127,FALSE,TRUE
32,current,2015/1/8,,,FALSE,FALSE
115,current,2015/1/11,,,FALSE,FALSE
997,canceled,2015/1/12,2015/1/12,0,FALSE,TRUE
434,canceled,2015/1/12,2015/6/3,142,FALSE,TRUE
1061,canceled,2015/1/12,2015/1/14,2,FALSE,TRUE
532,canceled,2015/1/12,2015/6/19,158,FALSE,TRUE
847,canceled,2015/1/12,2015/1/19,7,FALSE,TRUE
937,canceled,2015/5/6,2015/6/13,38,FALSE,TRUE
927,canceled,2015/5/6,2015/5/13,7,FALSE,TRUE
927,canceled,2015/5/13,2015/7/20,68,FALSE,TRUE
1022,canceled,2015/5/7,2015/6/14,38,FALSE,TRUE
1022,current,2015/8/20,,,FALSE,FALSE
320,current,2015/5/7,,,FALSE,FALSE
635,current,2015/5/7,,,FALSE,FALSE
182,current,2015/5/8,,,FALSE,FALSE
298,current,2015/5/8,,,FALSE,FALSE
385,current,2015/5/8,,,FALSE,FALSE
175,current,2015/5/9,,,FALSE,FALSE
942,canceled,2015/5/10,2015/5/15,5,FALSE,TRUE
120,current,2015/5/11,,,FALSE,FALSE
314,current,2015/5/11,,,FALSE,FALSE
331,current,2015/5/11,,,FALSE,FALSE
303,current,2015/5/11,,,FALSE,FALSE
533,current,2015/5/11,,,FALSE,FALSE
1026,canceled,2015/5/11,2015/5/12,1,FALSE,TRUE
17,current,2015/5/11,,,FALSE,FALSE
129,current,2015/5/11,,,FALSE,FALSE
189,current,2015/5/12,,,FALSE,FALSE
772,canceled,2015/5/12,2015/5/19,7,FALSE,TRUE
870,canceled,2015/5/12,2015/5/12,0,FALSE,TRUE
4,current,2015/5/12,,,FALSE,FALSE
454,current,2015/5/12,,,FALSE,FALSE
715,current,2015/5/12,,,FALSE,FALSE
410,canceled,2015/5/12,2015/8/19,99,FALSE,TRUE
1007,canceled,2015/5/12,2015/6/19,38,FALSE,TRUE
1007,canceled,2015/7/18,2015/7/23,5,FALSE,TRUE
758,canceled,2015/5/12,2015/5/17,5,FALSE,TRUE
16,current,2015/5/13,,,FALSE,FALSE
1165,canceled,2015/1/12,2015/1/13,1,FALSE,TRUE
297,current,2015/1/12,,,FALSE,FALSE
373,current,2015/1/12,,,FALSE,FALSE
1284,canceled,2015/1/13,2015/1/13,0,FALSE,TRUE
510,current,2015/2/5,,,FALSE,FALSE
645,canceled,2015/2/9,2015/5/16,96,FALSE,TRUE
1079,canceled,2015/2/9,2015/2/9,0,FALSE,TRUE
1281,canceled,2015/2/9,2015/2/12,3,FALSE,TRUE
36,current,2015/5/13,,,FALSE,FALSE
1068,canceled,2015/5/28,2015/5/29,1,FALSE,TRUE
616,current,2015/5/28,,,FALSE,FALSE
55,current,2015/5/29,,,FALSE,FALSE
538,current,2015/6/2,,,FALSE,FALSE
503,current,2015/6/3,,,FALSE,FALSE
196,current,2015/6/3,,,FALSE,FALSE
1217,canceled,2015/6/6,2015/7/28,52,FALSE,TRUE
1217,current,2015/8/13,,,FALSE,FALSE
1106,canceled,2015/6/7,2015/6/13,6,FALSE,TRUE
762,canceled,2015/6/8,2015/7/15,37,FALSE,TRUE
565,current,2015/6/8,,,FALSE,FALSE
897,canceled,2015/6/8,2015/7/15,37,FALSE,TRUE
518,current,2015/6/8,,,FALSE,FALSE
961,canceled,2015/6/8,2015/6/11,3,FALSE,TRUE
384,current,2015/6/8,,,FALSE,FALSE
1075,canceled,2015/6/9,2015/8/16,68,FALSE,TRUE
888,current,2015/6/9,,,FALSE,FALSE
1227,current,2015/6/9,,,FALSE,FALSE
176,current,2015/7/8,,,FALSE,FALSE
1133,canceled,2015/7/9,2015/7/15,6,FALSE,TRUE
1231,current,2015/7/9,,,FALSE,FALSE
1005,canceled,2015/7/9,2015/7/11,2,FALSE,TRUE
999,canceled,2015/2/10,2015/2/13,3,FALSE,TRUE
391,current,2015/2/10,,,FALSE,FALSE
1188,canceled,2015/2/10,2015/3/17,35,FALSE,TRUE
1200,canceled,2015/3/4,2015/4/11,38,FALSE,TRUE
1196,canceled,2015/3/4,2015/3/11,7,FALSE,TRUE
113,canceled,2015/3/4,2015/7/11,129,FALSE,TRUE
409,current,2015/3/6,,,FALSE,FALSE
1082,canceled,2015/3/6,2015/4/13,38,FALSE,TRUE
872,current,2015/3/6,,,FALSE,FALSE
860,canceled,2015/3/7,2015/3/11,4,FALSE,TRUE
828,canceled,2015/3/9,2015/4/16,38,FALSE,TRUE
795,canceled,2015/3/9,2015/3/13,4,FALSE,TRUE
1100,canceled,2015/3/10,2015/3/16,6,FALSE,TRUE
172,current,2015/3/10,,,FALSE,FALSE
809,canceled,2015/3/10,2015/3/14,4,FALSE,TRUE
1276,current,2015/3/10,,,FALSE,FALSE
542,current,2015/7/10,,,FALSE,FALSE
1063,canceled,2015/7/14,2015/7/14,0,FALSE,TRUE
701,canceled,2015/7/16,2015/7/20,4,FALSE,TRUE
526,current,2015/7/16,,,FALSE,FALSE
1255,canceled,2015/7/17,2015/7/23,6,FALSE,TRUE
355,current,2015/7/17,,,FALSE,FALSE
901,current,2015/7/17,,,FALSE,FALSE
1023,canceled,2015/7/17,2015/7/20,3,FALSE,TRUE
764,current,2015/7/17,,,FALSE,FALSE
210,current,2015/3/11,,,FALSE,FALSE
1048,current,2015/3/11,,,FALSE,FALSE
543,current,2015/4/1,,,FALSE,FALSE
1149,current,2015/4/1,,,FALSE,FALSE
1175,canceled,2015/4/2,2015/6/9,68,FALSE,TRUE
781,current,2015/4/2,,,FALSE,FALSE
425,current,2015/4/5,,,FALSE,FALSE
118,current,2015/4/6,,,FALSE,FALSE
310,current,2015/4/6,,,FALSE,FALSE
19,canceled,2015/4/6,2015/7/13,98,FALSE,TRUE
1070,current,2015/7/19,,,FALSE,FALSE
798,current,2015/7/19,,,FALSE,FALSE
1270,canceled,2015/7/20,2015/7/20,0,FALSE,TRUE
548,current,2015/7/20,,,FALSE,FALSE
1143,current,2015/8/11,,,FALSE,FALSE
931,current,2015/8/11,,,FALSE,FALSE
1056,current,2015/8/12,,,FALSE,FALSE
1235,current,2015/8/12,,,FALSE,FALSE
417,current,2015/8/12,,,FALSE,FALSE
794,current,2015/8/13,,,FALSE,FALSE
921,canceled,2015/8/17,2015/8/21,4,FALSE,TRUE
816,current,2015/8/20,,,FALSE,FALSE
1269,current,2015/8/21,,,FALSE,FALSE
1067,current,2015/8/22,,,FALSE,FALSE
1157,current,2015/8/22,,,FALSE,FALSE
980,canceled,2015/4/8,2015/4/14,6,FALSE,TRUE
726,canceled,2015/4/8,2015/5/15,37,FALSE,TRUE
177,current,2015/4/10,,,FALSE,FALSE
797,current,2015/4/24,,,FALSE,FALSE
49,current,2015/4/24,,,FALSE,FALSE
376,current,2015/5/5,,,FALSE,FALSE
1004,canceled,2015/5/6,2015/5/8,2,FALSE,TRUE
1024,canceled,2015/5/6,2015/5/11,5,FALSE,TRUE
228,current,2015/5/7,,,FALSE,FALSE
173,current,2015/5/7,,,FALSE,FALSE
422,current,2015/5/8,,,FALSE,FALSE
236,current,2015/5/10,,,FALSE,FALSE
779,canceled,2015/5/10,2015/6/18,39,FALSE,TRUE
881,canceled,2015/5/11,2015/5/14,3,FALSE,TRUE
1182,current,2015/5/11,,,FALSE,FALSE
287,current,2015/5/11,,,FALSE,FALSE
648,current,2015/5/11,,,FALSE,FALSE
1249,canceled,2015/5/11,2015/7/18,68,FALSE,TRUE
519,current,2015/5/11,,,FALSE,FALSE
1099,canceled,2015/5/11,2015/7/18,68,FALSE,TRUE
566,current,2015/5/12,,,FALSE,FALSE
846,canceled,2015/5/12,2015/6/19,38,FALSE,TRUE
1052,canceled,2015/5/12,2015/7/19,68,FALSE,TRUE
1059,canceled,2015/5/12,2015/5/18,6,FALSE,TRUE
661,canceled,2015/5/12,2015/6/19,38,FALSE,TRUE
852,current,2015/5/12,,,FALSE,FALSE
491,current,2015/5/12,,,FALSE,FALSE
445,current,2015/5/13,,,FALSE,FALSE
644,current,2015/5/13,,,FALSE,FALSE
68,current,2015/5/13,,,FALSE,FALSE
489,current,2015/6/1,,,FALSE,FALSE
911,canceled,2015/6/1,2015/6/3,2,FALSE,TRUE
1291,canceled,2015/6/3,2015/6/3,0,FALSE,TRUE
1206,current,2015/6/3,,,FALSE,FALSE
414,current,2015/6/7,,,FALSE,FALSE
226,current,2015/6/8,,,FALSE,FALSE
2,current,2015/6/8,,,FALSE,FALSE
1241,canceled,2015/6/9,2015/6/9,0,FALSE,TRUE
1187,canceled,2015/6/9,2015/6/15,6,FALSE,TRUE
1274,current,2015/7/8,,,FALSE,FALSE
218,current,2015/7/8,,,FALSE,FALSE
324,current,2015/7/9,,,FALSE,FALSE
891,canceled,2015/7/9,2015/7/15,6,FALSE,TRUE
1000,current,2015/7/11,,,FALSE,FALSE
973,current,2015/7/13,,,FALSE,FALSE
806,current,2015/7/15,,,FALSE,FALSE
1178,canceled,2015/7/16,2015/8/7,22,FALSE,TRUE
832,current,2015/7/16,,,FALSE,FALSE
1232,canceled,2015/7/16,2015/7/17,1,FALSE,TRUE
1057,canceled,2015/7/17,2015/7/21,4,FALSE,TRUE
689,current,2015/7/17,,,FALSE,FALSE
1278,current,2015/7/17,,,FALSE,FALSE
1272,canceled,2015/7/17,2015/7/23,6,FALSE,TRUE
438,current,2015/7/17,,,FALSE,FALSE
992,current,2015/7/17,,,FALSE,FALSE
575,current,2015/7/17,,,FALSE,FALSE
807,canceled,2015/7/20,2015/7/22,2,FALSE,TRUE
1298,current,2015/8/11,,,FALSE,FALSE
751,current,2015/8/11,,,FALSE,FALSE
1176,current,2015/8/12,,,FALSE,FALSE
1110,current,2015/8/13,,,FALSE,FALSE
1116,canceled,2015/8/15,2015/8/18,3,FALSE,TRUE
874,current,2015/8/22,,,FALSE,FALSE
686,current,2015/8/23,,,FALSE,FALSE
